gene	logFC	AveExpr	t	pvalue	FDR	DEG	raw_rewired_edges	stable_rewired_edges	mean_support	stable_fraction	rewired	category
GENE1	-0.2158	7.93	-0.9655	0.3343	0.9827	False	2	2	1	1	True	RW_only
GENE2	-0.2488	7.916	-1.113	0.2657	0.9827	False	1	1	1	1	True	RW_only
GENE4	0.1736	8.023	0.7767	0.4373	0.9827	False	1	1	1	1	True	RW_only
GENE5	-0.1321	7.917	-0.5907	0.5548	0.9827	False	1	1	1	1	True	RW_only
GENE3	0.06883	7.802	0.3079	0.7582	0.9827	False	1	1	1	1	True	RW_only
GENE8	1.713	6.909	7.661	2.057e-14	2.222e-12	True	0	0			False	DEG_only
BG032	0.8775	7.381	3.925	8.739e-05	0.004719	True	0	0			False	DEG_only
BG041	0.5963	6.345	2.667	0.007664	0.2759	False	0	0			False	unchanged
BG031	0.5595	5.899	2.503	0.01235	0.2788	False	0	0			False	unchanged
BG057	-0.556	6.79	-2.487	0.01291	0.2788	False	0	0			False	unchanged
BG050	-0.4363	4.667	-1.952	0.05101	0.8969	False	0	0			False	unchanged
BG082	-0.419	6.947	-1.874	0.06092	0.8969	False	0	0			False	unchanged
BG040	0.4069	6.37	1.82	0.06878	0.8969	False	0	0			False	unchanged
BG078	-0.3984	8.053	-1.782	0.07474	0.8969	False	0	0			False	unchanged
BG055	-0.3784	4.182	-1.692	0.09059	0.9053	False	0	0			False	unchanged
BG025	0.3745	9.897	1.675	0.09396	0.9053	False	0	0			False	unchanged
BG067	-0.3671	7.443	-1.642	0.1006	0.9053	False	0	0			False	unchanged
BG053	0.3195	7.649	1.429	0.153	0.9827	False	0	0			False	unchanged
BG075	-0.3011	8.22	-1.347	0.178	0.9827	False	0	0			False	unchanged
BG071	-0.2957	4.82	-1.323	0.186	0.9827	False	0	0			False	unchanged
BG051	-0.288	5.925	-1.288	0.1977	0.9827	False	0	0			False	unchanged
BG033	-0.2826	4.306	-1.264	0.2062	0.9827	False	0	0			False	unchanged
BG061	0.2793	9.336	1.249	0.2115	0.9827	False	0	0			False	unchanged
BG005	-0.2697	7.369	-1.206	0.2277	0.9827	False	0	0			False	unchanged
BG044	0.268	4.44	1.199	0.2306	0.9827	False	0	0			False	unchanged
BG069	-0.2659	8.906	-1.189	0.2343	0.9827	False	0	0			False	unchanged
BG077	0.2548	8.69	1.14	0.2545	0.9827	False	0	0			False	unchanged
BG083	-0.2541	9.307	-1.137	0.2557	0.9827	False	0	0			False	unchanged
BG026	-0.2529	4.154	-1.131	0.258	0.9827	False	0	0			False	unchanged
BG029	0.2455	4.979	1.098	0.2722	0.9827	False	0	0			False	unchanged
BG070	-0.2421	6.938	-1.083	0.2789	0.9827	False	0	0			False	unchanged
BG099	-0.228	8.2	-1.02	0.3079	0.9827	False	0	0			False	unchanged
BG008	0.2161	5.595	0.9665	0.3338	0.9827	False	0	0			False	unchanged
BG089	0.2127	8.05	0.9512	0.3415	0.9827	False	0	0			False	unchanged
BG054	0.2097	4.855	0.9382	0.3482	0.9827	False	0	0			False	unchanged
BG090	0.2054	5.091	0.919	0.3581	0.9827	False	0	0			False	unchanged
GENE7	0.2009	8.019	0.8987	0.3688	0.9827	False	0	0			False	unchanged
BG086	0.2007	7.17	0.8979	0.3693	0.9827	False	0	0			False	unchanged
BG049	0.1938	5.58	0.8671	0.3859	0.9827	False	0	0			False	unchanged
BG093	-0.1759	8.026	-0.7868	0.4314	0.9827	False	0	0			False	unchanged
BG064	0.1751	4.05	0.7831	0.4336	0.9827	False	0	0			False	unchanged
BG004	-0.165	9.101	-0.7381	0.4605	0.9827	False	0	0			False	unchanged
BG094	0.1628	6.066	0.7282	0.4665	0.9827	False	0	0			False	unchanged
BG028	-0.1617	8.602	-0.7235	0.4694	0.9827	False	0	0			False	unchanged
GENE6	0.1613	7.951	0.7217	0.4705	0.9827	False	0	0			False	unchanged
BG035	0.1587	7.113	0.7098	0.4779	0.9827	False	0	0			False	unchanged
BG017	0.1557	6.029	0.6967	0.486	0.9827	False	0	0			False	unchanged
BG065	-0.154	6.417	-0.6886	0.4911	0.9827	False	0	0			False	unchanged
BG018	0.1531	9.74	0.6847	0.4935	0.9827	False	0	0			False	unchanged
BG085	0.1497	8.926	0.6697	0.5031	0.9827	False	0	0			False	unchanged
BG007	0.149	8.442	0.6666	0.505	0.9827	False	0	0			False	unchanged
BG023	0.1479	7.448	0.6616	0.5083	0.9827	False	0	0			False	unchanged
BG037	0.1441	5.926	0.6445	0.5193	0.9827	False	0	0			False	unchanged
BG098	-0.1419	6.114	-0.6349	0.5255	0.9827	False	0	0			False	unchanged
BG092	0.1407	5.252	0.6296	0.529	0.9827	False	0	0			False	unchanged
BG095	0.1376	5.86	0.6153	0.5384	0.9827	False	0	0			False	unchanged
BG080	-0.1373	6.589	-0.6144	0.539	0.9827	False	0	0			False	unchanged
BG020	-0.1336	7.283	-0.5975	0.5502	0.9827	False	0	0			False	unchanged
BG027	0.1312	4.755	0.5868	0.5574	0.9827	False	0	0			False	unchanged
BG059	0.1302	8.824	0.5824	0.5603	0.9827	False	0	0			False	unchanged
BG072	-0.1293	6.729	-0.5784	0.563	0.9827	False	0	0			False	unchanged
BG063	0.1266	5.285	0.5663	0.5712	0.9827	False	0	0			False	unchanged
BG047	0.1252	7.195	0.5601	0.5754	0.9827	False	0	0			False	unchanged
BG058	0.119	7.491	0.5324	0.5945	0.9827	False	0	0			False	unchanged
BG014	0.116	5.716	0.5188	0.6039	0.9827	False	0	0			False	unchanged
BG016	0.1148	4.148	0.5136	0.6075	0.9827	False	0	0			False	unchanged
BG074	0.1117	9.158	0.4995	0.6174	0.9827	False	0	0			False	unchanged
BG066	0.1087	7.635	0.4862	0.6268	0.9827	False	0	0			False	unchanged
BG079	-0.1072	7.766	-0.4796	0.6315	0.9827	False	0	0			False	unchanged
BG019	0.1012	9.185	0.4527	0.6508	0.9827	False	0	0			False	unchanged
BG091	0.1006	9.629	0.4498	0.6529	0.9827	False	0	0			False	unchanged
BG038	0.09815	7.08	0.439	0.6607	0.9827	False	0	0			False	unchanged
BG062	-0.09388	6.013	-0.4199	0.6746	0.9827	False	0	0			False	unchanged
BG022	-0.09372	9.532	-0.4192	0.6751	0.9827	False	0	0			False	unchanged
BG009	-0.09067	6.405	-0.4056	0.6851	0.9827	False	0	0			False	unchanged
BG042	0.08302	4.613	0.3714	0.7104	0.9827	False	0	0			False	unchanged
BG006	-0.08	5.196	-0.3578	0.7205	0.9827	False	0	0			False	unchanged
BG010	-0.0729	6.453	-0.3261	0.7444	0.9827	False	0	0			False	unchanged
BG043	0.06995	7.541	0.3129	0.7544	0.9827	False	0	0			False	unchanged
BG084	0.0693	7.888	0.31	0.7566	0.9827	False	0	0			False	unchanged
BG068	0.06893	9.331	0.3083	0.7579	0.9827	False	0	0			False	unchanged
BG097	0.06838	7.984	0.3058	0.7597	0.9827	False	0	0			False	unchanged
BG021	0.0633	6.894	0.2831	0.7771	0.9827	False	0	0			False	unchanged
BG030	0.06265	5.919	0.2802	0.7793	0.9827	False	0	0			False	unchanged
BG011	-0.06118	9.743	-0.2736	0.7844	0.9827	False	0	0			False	unchanged
BG034	0.05933	6.618	0.2654	0.7907	0.9827	False	0	0			False	unchanged
BG052	-0.04997	6.417	-0.2235	0.8231	0.9827	False	0	0			False	unchanged
BG001	-0.04905	7.954	-0.2194	0.8263	0.9827	False	0	0			False	unchanged
BG056	-0.04707	9.1	-0.2106	0.8332	0.9827	False	0	0			False	unchanged
BG024	-0.0463	9.812	-0.2071	0.8359	0.9827	False	0	0			False	unchanged
BG081	-0.0435	6.341	-0.1946	0.8457	0.9827	False	0	0			False	unchanged
BG003	0.04092	3.926	0.1831	0.8548	0.9827	False	0	0			False	unchanged
BG060	-0.03977	8.466	-0.1779	0.8588	0.9827	False	0	0			False	unchanged
BG046	0.0384	4.695	0.1718	0.8636	0.9827	False	0	0			False	unchanged
BG073	0.03627	9.67	0.1623	0.8711	0.9827	False	0	0			False	unchanged
BG013	0.03552	5.516	0.1589	0.8737	0.9827	False	0	0			False	unchanged
BG015	-0.033	6.393	-0.1476	0.8827	0.9827	False	0	0			False	unchanged
BG039	0.02872	5.713	0.1285	0.8978	0.9831	False	0	0			False	unchanged
BG012	-0.02778	9.494	-0.1242	0.9011	0.9831	False	0	0			False	unchanged
BG088	0.02253	8.239	0.1008	0.9197	0.9869	False	0	0			False	unchanged
BG002	-0.02145	4.283	-0.09595	0.9236	0.9869	False	0	0			False	unchanged
BG045	-0.01642	7.582	-0.07347	0.9414	0.9869	False	0	0			False	unchanged
BG036	-0.0137	4.698	-0.06128	0.9511	0.9869	False	0	0			False	unchanged
BG087	0.01185	7.242	0.05301	0.9577	0.9869	False	0	0			False	unchanged
BG100	-0.00925	8.542	-0.04138	0.967	0.9869	False	0	0			False	unchanged
BG076	-0.00555	7.742	-0.02483	0.9802	0.9869	False	0	0			False	unchanged
BG048	0.0038	9.107	0.017	0.9864	0.9869	False	0	0			False	unchanged
BG096	0.003675	10.09	0.01644	0.9869	0.9869	False	0	0			False	unchanged
