gene_id	CTRL01	CTRL02	CTRL03	CTRL04	CTRL05	CTRL06	CTRL07	CTRL08	CTRL09	CTRL10	CTRL11	CTRL12	CTRL13	CTRL14	CTRL15	CTRL16	CTRL17	CTRL18	CTRL19	CTRL20	CTRL21	CTRL22	CTRL23	CTRL24	CTRL25	CTRL26	CTRL27	CTRL28	CTRL29	CTRL30	CTRL31	CTRL32	CTRL33	CTRL34	CTRL35	CTRL36	CTRL37	CTRL38	CTRL39	CTRL40	CTRL41	CTRL42	CTRL43	CTRL44	CTRL45	CTRL46	CTRL47	CTRL48	CTRL49	CTRL50	CTRL51	CTRL52	CTRL53	CTRL54	CTRL55	CTRL56	CTRL57	CTRL58	CTRL59	CTRL60	CASE01	CASE02	CASE03	CASE04	CASE05	CASE06	CASE07	CASE08	CASE09	CASE10	CASE11	CASE12	CASE13	CASE14	CASE15	CASE16	CASE17	CASE18	CASE19	CASE20	CASE21	CASE22	CASE23	CASE24	CASE25	CASE26	CASE27	CASE28	CASE29	CASE30	CASE31	CASE32	CASE33	CASE34	CASE35	CASE36	CASE37	CASE38	CASE39	CASE40	CASE41	CASE42	CASE43	CASE44	CASE45	CASE46	CASE47	CASE48	CASE49	CASE50	CASE51	CASE52	CASE53	CASE54	CASE55	CASE56	CASE57	CASE58	CASE59	CASE60
MODA_1	7.804	8.04	8.037	7.068	7.526	7.123	8.58	9.503	7.731	7.193	7.82	8.744	8.526	7.105	8.216	8.971	7.169	8.003	6.096	7.524	5.795	8.175	7.087	8.633	8.981	8.497	5.237	6.763	8.322	7.647	6.626	7.948	6.39	6.333	9.065	7.298	7.861	8.808	7.093	7.223	8.024	7.622	6.169	8.294	9.188	6.798	8.326	7.812	6.979	9.393	8.769	6.577	8.226	8.668	8.737	7.988	8.338	8.557	9.28	6.747	6.476	7.39	9.99	9.447	7.697	8.314	8.419	8.323	7.424	6.819	9.357	8.697	7.436	6.865	9.996	7.163	8.023	7.956	8.72	6.851	8.984	8.897	8.762	9.541	7.499	9.157	9.847	7.582	9.565	9.703	9.421	9.857	8.799	7.003	8.364	8.044	8.421	8.045	9.269	8.847	7.592	8.577	8.966	7.454	7.618	7.888	6.705	8.893	8.354	10.088	9.095	9.431	9.06	8.793	8.165	8.725	8.363	7.943	8.063	7.936
MODA_2	7.795	8.6	7.718	7.24	7.463	7.629	8.044	8.215	7.25	6.565	6.984	8.082	8.691	7.189	7.449	8.201	7.303	7.661	6.321	6.823	6.37	8.15	7.113	8.339	7.674	8.061	5.443	8.007	7.388	8.04	6.628	6.98	7.895	7.93	8.742	7.623	8.14	7.622	7.59	7.873	8.136	7.575	6.784	7.988	9.747	6.766	8.766	8.791	7.178	9.615	7.869	7.629	8.498	8.926	8.13	8.66	8.037	8.484	9.196	7.42	7.981	6.558	9.343	8.62	8.494	9.262	8.122	9.134	8.184	7.091	8.963	7.498	7.549	7.532	8.752	7.183	8.161	9.236	7.853	6.184	8.783	8.15	7.807	9.272	8.042	8.596	9.2	7.914	9.48	9.309	8.521	9.953	9.216	7.642	9.355	6.843	7.948	8.024	9.334	7.797	8.04	8.597	8.401	7.451	7.483	7.344	7.71	8.136	8.306	9.435	9.044	8.458	9.614	8.734	8.476	9.048	7.895	7.97	8.15	7.491
MODA_3	8.677	8.516	7.729	6.944	7.309	7.83	8.28	9.229	7.405	6.949	8.408	8.71	7.919	7.066	7.875	8.671	6.085	7.485	5.917	7.242	6.008	8.048	7.548	8.102	7.871	7.918	5.748	7.074	8.163	9.003	6.516	7.482	6.657	7.419	8.391	6.783	8.543	8.386	7.962	8.582	8.215	8.305	7.777	7.98	8.95	6.011	8.787	8.768	7.855	9.368	8.299	6.702	8.197	8.424	7.927	8.744	7.807	8.579	9.379	7.358	7.35	7.307	10.42	7.912	7.945	9.1	8.117	8.43	8.097	7.574	9.165	7.727	7.824	6.768	9.181	7.782	8.608	8.776	8.618	6.655	9.037	9.025	9.768	9.167	8.892	8.935	9.532	7.519	9.785	8.925	8.121	9.996	8.099	7.888	8.927	8.437	8.437	8.359	9.125	8.363	7.355	8.937	9.193	7.954	7.809	7.601	6.739	8.633	9.32	9.546	9.463	9.525	9.099	9.701	7.835	7.879	8.111	7.735	7.864	7.196
MODA_4	8.226	9.104	8.02	7.228	6.839	7.287	7.183	8.569	7.942	7.761	8.371	7.554	7.928	6.864	8.259	9.632	6.895	7.242	5.776	6.822	6.274	7.275	6.918	7.728	8.638	8.308	6.234	7.306	8.187	8.042	6.458	7.421	6.544	6.631	9.304	7.192	8.068	9.239	6.703	7.549	8.177	8.232	6.736	8.528	9.309	6.074	8.352	8.467	7.634	8.94	9.285	7.195	8.667	8.344	7.699	8.107	9.075	8.518	9.997	7.106	7.694	6.833	9.518	8.615	8.138	9.458	8.248	8.717	8.293	7.165	9.595	7.066	7.053	7.492	9.394	7.215	8.231	9.005	7.95	5.815	8.444	8.337	9.101	9.1	9.157	8.793	9.096	7.549	9.099	9.76	9.402	9.584	9.21	6.825	9.19	9.357	7.776	8.724	9.775	7.688	6.771	8.032	9.12	7.194	7.571	8.008	7.544	8.447	8.801	10.23	8.755	9.697	8.905	8.872	7.986	8.856	7.436	8.017	7.023	7.211
MODA_5	8.074	7.52	7.584	7.643	7.034	7.593	8.205	8.732	7.335	7.24	8.416	8.079	7.724	7.032	7.515	8.045	6.776	7.986	5.616	6.848	6.062	7.353	7.248	8.011	8.81	7.484	5.922	7.417	7.619	8.364	6.562	7.842	7.104	6.791	8.903	7.301	8.4	8.386	7.46	7.13	8.39	7.573	6.096	8.042	9.71	5.934	8.282	7.774	6.921	9.959	8.321	6.605	8.328	8.178	8.025	8.176	7.398	7.776	10.119	7.252	8.241	6.877	9.693	8.413	8.566	9.057	7.647	8.114	7.837	7.169	8.899	8.608	7.203	7.406	9.03	7.642	8.203	8.966	8.495	6.421	7.809	8.507	8.93	8.362	8.142	8.924	9.198	7.268	10.365	10.199	8.612	10.264	9.37	6.734	10.243	7.9	8.279	7.675	9.277	7.932	7.4	8.944	8.773	7.258	8.328	7.281	7.914	8.201	9.031	9.73	9.149	8.914	8.696	8.963	7.883	8.594	7.79	7.59	7.305	7.544
MODA_6	8.11	8.253	7.826	7.226	8.447	6.648	7.357	8.746	6.963	7.779	8.805	7.889	7.472	7.009	8.596	7.361	7.033	7.11	6.765	6.365	6.225	7.116	6.429	8.862	8.507	7.653	5.36	6.671	7.781	8.088	6.594	7.531	6.623	7.247	8.932	7.855	8.806	8.73	7.135	7.871	7.827	7.725	6.878	7.602	9.486	6.57	8.88	8.025	7.101	9.365	8.576	6.682	8.171	8.514	7.222	8.641	7.34	8.321	9.155	6.468	7.956	7.29	9.229	8.577	7.075	7.796	8.134	7.854	7.804	6.558	9.167	7.619	7.236	7.114	8.316	6.98	8.262	8.771	8.473	7.466	8.703	8.976	8.731	9.504	8.179	8.304	10.322	6.916	9.675	9.757	8.775	9.222	8.683	7.012	8.542	8.276	8.192	7.895	9.525	8.023	7.577	8.163	8.845	7.383	7.72	7.22	7.11	7.929	8.987	10.025	9.549	8.689	9.059	8.47	6.67	8.231	7.988	7.188	6.795	7.782
MODA_7	8.042	8.335	7.684	7.014	7.426	6.676	7.933	8.952	7.601	6.907	8.543	8.383	8.031	6.971	8.221	7.877	7.004	7.699	6.426	7.018	6.06	7.674	7.151	8.435	8.233	7.156	5.989	8.041	8.408	8.206	5.935	7.994	7.059	6.144	9.118	6.61	7.391	8.507	8.047	7.734	8.22	8.839	7.617	8.022	9.107	6.052	8.458	8.297	7.603	9.839	9.127	6.582	8.042	8.843	8.092	9.09	8.118	8.458	9.449	6.947	7.493	6.474	10.532	8.621	7.52	9.363	7.794	9.276	7.516	6.489	8.799	7.793	7.717	6.593	8.518	7.765	8.281	9.021	8.256	7.605	8.346	8.904	9.143	9.291	8.181	8.473	9.12	7.221	9.29	8.845	8.853	8.919	9.665	7.952	9.492	8.18	8.09	8.665	9.278	8.724	7.037	8.89	8.276	7.378	6.82	7.345	7.659	8.09	8.69	10.023	9.014	9.446	7.924	9.425	7.867	7.91	7.687	8.253	7.095	7.242
MODA_8	7.268	8.527	7.73	7.341	6.834	6.95	7.786	8.812	6.551	7.295	8.839	8.49	7.826	7.161	8.312	7.387	6.742	7.834	6.605	7.607	6.86	7.93	7.001	8.595	7.899	7.815	6.154	8.394	7.885	8.08	6.72	8.173	7.111	7.934	8.517	7.195	7.882	9.143	7.945	7.225	7.69	8.208	6.61	7.387	9.68	6.837	8.989	7.894	7.886	9.682	9.172	6.52	7.685	8.607	7.517	8.913	8.057	8.184	9.319	7.239	8.099	7.058	9.69	8.14	7.777	9.525	8.261	7.574	8.476	7.082	8.442	8.74	6.297	8.129	8.549	8.347	7.998	7.969	8.133	6.758	8.787	9.288	8.352	9.641	8.63	8.55	8.98	7.29	9.863	9.883	8.307	9.025	9.289	6.496	9.064	7.909	7.564	8.169	9.107	9.11	8.364	8.326	9.084	7.791	7.354	7.247	8.149	8.124	8.874	9.538	8.984	8.62	9.331	9.728	7.472	7.981	8.286	7.197	7.283	8.071
MODB_1	8.591	7.303	7.917	7.48	8.483	8.719	8.832	9.122	7.502	7.234	8.142	6.27	7.788	7.542	8.388	7.974	8.005	7.331	7.713	9.458	7.894	7.579	8.538	7.494	7.662	6.545	8.496	7.591	8.712	8.427	7.879	8.911	6.982	8.477	7.826	9.654	7.273	8.26	6.808	7.1	7.623	7.031	8.689	10.229	7.556	7.215	9.044	9.206	8.095	8.122	7.722	8.75	6.989	8.123	8.337	6.904	7.476	7.397	8.538	8.025	8.768	7.038	7.967	8.303	7.07	7.969	9.301	7.777	7.266	5.796	6.37	6.218	9.085	6.525	8.142	8.441	7.925	9.144	9.181	8.227	10.208	8.174	7.601	8.325	8.062	6.64	6.546	9.17	7.007	8.279	8.747	7.548	7.307	7.767	7.113	6.419	7.355	7.532	9.711	9.33	10.345	8.347	7.795	7.005	8.484	6.289	7.388	9.606	8.716	8.684	7.056	6.989	7.728	8.069	9.112	9.475	7.139	7.217	7.445	7.435
MODB_2	7.911	7.433	7.081	7.482	7.595	8.322	9.689	9.034	6.01	6.889	8.039	5.993	7.621	7.018	9.277	7.941	7.84	7.621	7.636	9.33	7.376	7.454	7.563	7.879	8.649	7.889	8.581	7.919	8.74	9.229	7.953	8.567	7.566	8.982	7.801	8.484	6.36	8.143	7.51	6.148	7.621	7.433	8.463	9.51	7.163	7.853	8.304	8.496	8.537	7.513	8.665	8.232	7.742	7.056	7.732	6.82	8.529	7.504	9.493	7.468	7.522	7.368	7.897	7.936	7.81	8.942	8.742	7.282	8.245	6.569	5.78	6.925	9.669	7.114	8.915	9.644	7.628	8.954	9.947	8.857	10.402	8.533	7.021	8.001	7.897	7.392	6.714	10.254	8.116	7.593	7.242	7.613	8.299	7.739	6.701	5.991	7.246	8.697	9.718	8.747	9.909	7.881	7.94	7.076	7.652	5.71	7.839	9.41	8.188	9.1	7.757	6.358	7.276	7.846	9.578	10.37	6.964	8.168	8.21	7.679
MODB_3	8.517	7.454	7.816	7.179	7.07	6.896	8.638	8.354	6.526	7.455	8.718	6.928	7.496	7.227	8.786	8.205	7.163	7.865	7.488	8.478	7.929	7.679	8.475	7.939	8.106	7.021	8.543	7.793	9.218	8.767	7.327	8.524	7.58	9.034	7.388	9.253	6.892	7.768	5.726	6.054	7.688	6.874	8.188	9.721	7.503	7.118	8.167	8.879	8.992	7.365	8.421	8.089	7.426	7.416	7.815	7.044	7.795	6.804	8.657	7.233	7.961	7.248	9.244	7.496	8.346	8.225	8.541	7.964	8.253	6.096	5.874	6.35	8.733	6.735	8.375	9.379	7.725	10.244	9.654	8.673	10.878	8.321	7.102	7.841	8.071	6.944	7.057	10.132	7.447	7.623	7.053	8.308	7.836	8.35	6.576	6.517	6.88	8.869	9.31	9.282	10.266	8.372	8.243	5.875	7.833	5.351	7.81	9.463	7.958	9.431	7.82	6.543	7.351	7.002	9.003	10.711	7.031	7.873	7.636	8.052
MODB_4	7.535	7.401	8.18	6.855	6.689	7.617	9.161	9.273	6.781	6.892	8.861	5.959	7.063	7.554	9.772	8.715	8.226	7.456	8.196	9.094	7.547	8.84	8.658	7.668	7.786	7.149	8.531	7.385	8.264	8.459	7.985	8.647	8.285	9.083	8.359	8.029	7.234	9.248	6.836	6.293	7.797	7.994	7.732	9.958	7.462	7.775	7.988	8.578	7.718	7.87	8.569	7.954	7.066	8.321	7.599	6.949	8.53	6.754	8.951	7.698	7.943	6.781	7.667	7.742	8.614	8.184	8.915	7.247	7.069	6.739	6.145	5.998	9.2	6.484	8.149	9.463	7.49	8.405	9.578	8.571	9.741	8.724	7.122	8.697	8.079	6.89	6.167	9.738	7.914	7.859	7.046	8.08	8.007	7.746	7.201	6.371	7.213	8.151	9.849	8.018	9.529	7.844	8.541	7.507	8.75	6.445	7.523	9.887	8.213	9.287	7.268	6.518	7.787	8.439	9.078	10.774	8.567	7.124	7.87	7.28
MODB_5	8.689	8.62	9.018	6.84	7.813	7.879	8.85	9.716	6.226	7.761	8.557	6.848	7.669	7.612	9.248	8.946	7.723	7.889	7.543	8.408	8.02	8.041	8.382	7.923	8.287	6.799	7.674	7.519	9.575	7.964	8.511	8.312	7.204	9.505	7.952	7.94	6.685	8.726	7.023	5.989	7.909	7.514	7.858	10.167	7.242	7.202	7.964	8.471	7.856	7.563	8.438	8.963	7.171	8.325	8.569	7.32	9.248	6.864	9.231	8.03	7.691	6.652	8.429	8.399	8.503	8.41	8.642	7.516	7.954	6.808	6.01	6.48	8.789	6.71	9.188	9.396	6.959	10.048	9.5	7.517	10.019	8.818	7.512	9.011	7.874	6.886	5.982	9.573	7.594	8.277	6.952	7.853	7.996	6.79	6.058	6.638	7.45	8.055	8.847	8.958	9.049	8.73	7.885	6.94	8.294	5.858	8.107	10.016	8.48	9.609	7.392	7.186	7.703	7.221	9.057	9.546	7.107	7.732	8.355	7.563
MODB_6	9.012	8.346	7.24	6.505	7.779	8.178	9.133	8.993	7.02	7.581	8.544	6.677	6.575	8.196	8.662	9.045	7.605	7.273	7.943	8.955	7.209	7.027	8.303	8.114	8.281	6.94	8.458	7.611	9.001	8.841	8.452	8.445	7.587	8.869	8.032	8.119	7.305	8.131	6.697	5.81	7.888	7.37	7.959	10.912	7.422	8.237	8.613	8.145	7.671	8.011	8.656	8.487	6.947	7.12	7.931	6.065	8.399	6.908	8.549	8.074	7.81	6.24	8.509	8.486	8.448	8.508	8.41	7.034	7.858	5.964	5.463	6.677	8.963	7.157	7.784	9.507	7.067	9.53	9.187	8.859	10.048	8.352	7.57	9.132	7.339	7.224	6.894	10.053	8.487	7.017	7.106	7.323	7.65	7.535	8.608	6.894	8.135	8.842	9.668	9.161	10.377	8.518	8.023	7.046	7.345	5.731	7.89	9.708	7.898	8.877	7.615	6.714	7.891	7.705	9.165	9.153	6.884	7.835	7.177	7.822
MODB_7	8.304	6.945	7.332	6.461	6.569	7.392	9.515	8.552	7.108	6.676	8.712	6.075	7.559	8.167	9.91	8.704	7.763	7.235	8.037	9.253	7.989	7.709	9.094	7.005	7.691	7.398	7.833	7.249	8.924	7.967	8.032	9.689	8.208	8.445	7.605	8.341	7.295	7.943	6.181	6.575	8.114	7.028	7.647	9.315	6.943	6.444	8.519	8.159	8.057	8.651	9.153	7.95	7.464	8.447	7.698	6.631	8.183	6.516	9.527	7.097	7.461	6.529	8.747	7.674	7.708	7.997	8.667	8.682	6.958	6.545	5.9	6.679	9.202	5.262	9.002	8.829	7.555	8.841	9.157	8.616	10.493	8.922	7.073	8.682	7.43	6.877	6.92	10.336	7.236	7.914	7.498	8.159	7.428	8.395	6.709	7.07	7.423	8.803	8.886	9.853	9.536	7.887	7.98	7.819	8.228	5.536	7.528	10.052	7.673	8.932	7.531	7.736	7.446	8.234	8.783	9.416	7.79	7.962	7.109	7.979
MODB_8	7.687	7.465	8.012	7.012	7.603	7.729	9.312	8.068	6.816	6.97	8.638	6.317	7.178	7.626	9.479	8.773	7.403	8.583	8.809	8.709	7.752	8.85	8.666	7.991	7.73	6.762	7.895	7.357	9.376	8.406	7.781	8.06	7.674	8.541	7.914	8.988	7.009	8.536	6.649	6.206	7.671	7.057	8.486	9.523	7.856	7.457	7.849	8.222	7.539	7.887	8.307	8.976	6.726	6.913	7.705	6.159	8.215	7.706	9.159	7.574	8.032	6.609	8.551	8.086	7.865	8.029	8.336	7.336	7.3	6.528	5.336	6.283	9.323	5.892	8.786	10.167	8.164	8.836	10.203	8.928	10.084	8.278	7.331	9.07	7.832	6.638	6.55	9.872	7.766	8.797	6.928	8.114	7.608	7.292	7.086	6.975	6.7	7.797	10.383	9.079	9.859	8.209	7.751	7.017	7.78	5.589	7.731	9.858	7.838	9.479	7.971	6.389	7.577	7.63	9.362	10.066	6.765	7.086	8.331	7.743
MODC_1	7.739	8.267	8.036	6.215	7.46	9.421	6.676	8.82	6.597	8.953	6.97	8.223	8.141	6.202	9.09	9.332	8.988	7.374	7.803	7.054	9.178	7.983	7.735	6.923	6.706	6.443	9.364	7.883	8.41	7.845	7.393	7.933	7.234	7.895	6.851	7.217	7.49	6.3	9.328	7.498	6.89	7.94	9.231	6.697	7.777	6.595	6.359	8.275	7.734	8.165	7.614	8.808	7.296	8.285	7.534	7.421	9.816	7.481	8.183	8.339	7.078	8.237	9.008	7.817	7.41	7.543	6.774	9.418	6.484	7.941	7.484	7.359	7.081	5.963	9.134	8.53	8.622	9.637	7.277	9.53	8.517	9.233	8.005	8.036	7.891	7.838	9.762	6.216	8.071	7.185	7.344	5.898	8.79	7.14	7.683	7.702	6.62	8.269	6.28	6.724	7.727	8.655	7.82	7.913	9.769	8.582	7.035	7.11	7.326	8.27	7.957	7.656	9.869	7.908	7.553	8.198	7.305	9.235	7.626	8.853
MODC_2	7.469	7.565	7.657	6.048	6.209	7.926	6.087	9.155	6.881	8.641	7.159	8.325	8.297	6.515	9.388	10.073	7.927	7.085	7.472	6.476	8.447	8.098	8.056	6.611	7.732	7.421	8.963	7.56	8.713	8.139	7.665	8.237	8.041	8.537	8.273	8.028	6.082	7.22	9.62	7.228	7.465	8.141	8.845	7.345	8.111	7.533	6.839	9.133	8.132	6.965	7.025	8.203	7.077	7.961	7.542	6.695	8.687	8.453	8.059	7.418	6.583	7.56	8.585	8.029	6.767	7.793	6.128	9.45	6.88	7.85	7.034	7.28	6.921	6.295	9.304	8.303	8.934	9.831	7.861	8.335	9.145	9.783	8.706	8.604	7.473	8.197	9.147	6.209	7.523	7.298	7.972	6.384	7.744	7.299	8.37	7.281	6.627	6.978	6.733	6.683	7.184	7.872	9.105	7.625	9.374	8.608	7.024	8.195	6.872	7.158	7.338	7.417	9.648	8.531	7.06	7.429	7.765	9.63	8.653	8.836
MODC_3	8.186	7.662	7.579	6.567	6.77	7.912	6.176	9.102	6.155	8.825	7.202	9.96	7.8	7.244	9.094	9.233	8.264	8.155	8.424	7.275	8.714	7.274	8.182	7.55	8.065	7.044	9.598	8.541	8.938	7.348	6.852	7.065	8.211	7.628	8.215	7.994	7.534	7.727	9.434	7.31	7.095	8.38	9.021	6.685	8.533	6.673	6.54	8.252	8.063	8.439	7.301	8.752	6.807	8.367	6.739	7.191	9.276	6.39	7.923	8.068	6.447	8.478	8.748	9.543	6.852	8.619	5.923	8.588	6.801	7.562	7.225	7.251	7.04	6.233	9.851	8.204	8.249	10.536	8.061	8.575	8.024	9.103	8.714	7.944	8.288	8.953	9.561	5.942	7.202	7.45	7.814	6.611	8.59	7.127	8.479	7.272	6.989	8.014	5.786	7.295	7.49	7.597	7.255	7.207	10.11	8.236	7.043	7.003	7.288	7.739	6.8	6.523	9.685	8.121	7.306	7.747	8.113	10.065	8.056	9.292
MODC_4	8.775	7.6	8.009	5.581	7.628	9.133	6.109	8.659	5.714	9.072	8.452	9.017	8.682	6.868	8.677	9.887	7.389	7.661	7.982	7.523	9.169	7.687	7.614	6.714	7.468	6.54	8.539	7.296	8.645	7.183	6.776	6.977	7.58	8.19	8.562	7.062	6.463	7.686	9.382	7.253	7.822	8.15	8.742	6.111	7.964	7.571	5.811	8.217	8.218	8.322	7.039	8.685	7.773	7.075	6.869	7.098	8.938	6.59	8.134	8.306	7.823	8.12	8.975	7.221	7.565	7.903	5.631	9.169	7.558	8.295	8.135	7.476	6.737	6.229	9.547	8.419	8.039	9.912	8.308	8.65	9.038	10.022	7.96	8.047	7.212	7.754	9.295	5.722	7.44	7.523	8.098	6.092	8.513	7.663	8.02	7.766	6.939	7.173	6.463	6.895	8.185	8.37	7.607	8.481	9.415	8.92	7.014	7.086	6.937	7.724	7.466	6.939	9.739	7.44	7.712	7.791	7.0	9.399	7.889	7.923
MODC_5	8.787	6.492	9.063	5.709	7.416	8.876	6.536	8.824	5.919	8.957	6.924	7.569	9.382	6.942	9.93	8.882	8.597	8.466	8.552	7.118	8.445	7.435	6.969	6.529	7.481	6.414	9.051	7.813	9.727	8.592	7.359	8.248	7.15	7.856	8.071	7.176	6.642	6.688	9.532	8.13	6.721	8.403	8.857	6.185	7.261	8.085	7.481	8.873	7.659	8.379	7.178	8.765	7.648	7.997	7.28	6.653	9.014	6.777	8.063	7.334	6.625	7.991	8.73	8.14	7.578	8.541	6.934	9.409	7.252	7.519	7.894	7.915	7.169	6.323	8.871	8.539	8.405	9.316	7.967	8.826	7.984	9.421	8.795	7.644	7.653	8.478	9.46	6.779	7.053	7.612	8.062	6.788	9.414	6.847	7.648	7.1	6.883	7.032	6.891	7.586	7.949	7.053	7.766	8.224	9.302	8.299	6.877	7.861	7.553	7.979	7.282	7.253	9.432	8.377	7.635	8.247	7.072	9.792	8.369	9.519
MODC_6	8.015	7.043	7.939	6.416	6.353	7.961	5.674	9.091	7.201	9.058	7.087	9.352	7.44	7.296	8.824	8.046	9.127	8.461	7.396	7.203	8.887	7.56	7.291	6.986	7.649	6.957	9.661	7.898	9.915	7.692	7.495	6.851	6.938	8.601	7.243	7.969	6.739	6.811	9.324	7.17	6.839	8.639	9.55	6.441	7.408	7.561	6.38	9.117	9.167	8.441	7.312	8.33	7.135	7.467	6.56	6.735	9.004	7.879	8.082	7.881	6.931	8.468	8.991	8.108	6.964	7.831	6.544	8.11	7.021	7.654	7.261	7.402	6.382	7.047	9.758	9.072	7.863	9.373	8.047	7.769	8.131	8.764	8.313	8.406	7.805	9.086	9.333	5.585	8.331	7.048	7.783	5.695	8.302	7.838	7.564	7.278	6.271	7.476	7.003	6.649	7.185	8.265	7.357	7.728	10.425	8.402	6.708	7.151	7.019	7.592	7.532	7.796	9.913	7.8	7.386	8.092	7.014	9.062	8.294	8.524
HUB1	7.456	9.003	7.982	8.003	7.95	7.779	7.943	9.519	8.77	6.898	8.964	9.079	8.283	7.51	8.546	8.322	6.984	7.194	5.99	6.564	6.287	7.857	7.073	7.594	9.047	8.362	6.081	7.354	7.916	8.352	6.82	6.803	7.464	8.613	8.102	7.734	8.14	8.74	8.107	7.357	8.174	8.729	6.814	7.876	9.268	6.412	9.479	7.69	7.827	9.214	8.989	6.879	6.879	8.513	7.341	8.407	8.648	8.083	8.799	8.058	7.3	7.028	7.714	7.555	7.786	8.316	8.02	7.927	7.745	6.422	5.83	5.942	8.916	6.847	8.486	9.246	8.003	9.116	9.902	8.827	9.701	8.863	6.66	8.727	7.186	6.988	7.44	10.291	7.224	7.94	7.219	7.581	7.274	7.628	7.129	5.935	7.279	8.461	9.882	8.477	10.063	7.876	8.184	7.497	7.081	6.172	7.847	9.533	7.934	8.85	7.022	6.806	7.786	7.331	8.65	9.538	7.313	7.685	7.804	7.698
HUB2	8.133	8.18	8.043	5.808	6.958	8.89	6.529	8.758	6.461	8.625	6.978	9.585	8.12	6.105	8.898	9.623	8.236	7.692	7.55	7.139	8.213	6.916	8.322	7.07	7.612	7.417	9.423	7.872	9.842	8.319	7.216	8.044	7.686	7.614	7.698	7.656	5.863	7.199	9.349	7.198	6.301	8.139	9.24	6.746	7.291	7.725	5.866	8.554	8.579	7.746	7.092	8.9	7.341	7.736	7.11	7.395	8.182	7.166	7.798	7.471	6.621	5.227	8.513	9.303	6.516	7.253	8.2	8.841	8.542	9.159	7.852	8.311	8.308	7.48	9.083	8.515	8.863	7.521	8.913	6.87	8.288	5.341	6.913	8.624	7.46	8.072	6.313	9.417	8.485	7.876	8.308	8.222	9.286	8.11	6.46	7.65	9.157	8.458	7.489	8.497	8.014	8.497	6.348	7.022	8.552	7.682	8.244	9.816	7.595	8.137	7.355	7.289	7.827	6.48	5.843	9.235	7.799	8.999	8.02	8.046
FLIP_1	7.122	7.138	8.309	7.088	8.126	8.411	7.252	8.134	9.678	8.33	7.347	7.933	7.062	8.277	8.882	7.162	7.786	9.137	7.492	8.192	6.954	7.163	7.477	10.176	7.591	7.47	7.437	7.834	8.656	8.189	10.058	8.214	9.447	8.277	8.606	6.556	7.873	7.931	7.757	5.847	8.881	7.613	7.562	7.745	7.772	8.407	6.729	7.069	8.291	8.146	7.623	7.426	7.166	7.942	9.181	6.942	9.523	8.844	7.547	8.783	8.556	8.602	6.724	9.081	6.952	8.099	10.398	7.979	9.53	7.561	8.501	7.951	8.309	7.066	7.004	8.229	6.375	7.077	8.528	7.3	7.034	6.819	8.045	7.546	8.048	7.718	9.709	7.476	5.99	8.015	7.904	8.054	6.335	9.007	7.871	7.86	6.358	8.364	7.838	9.219	7.497	6.698	8.027	7.012	8.307	6.847	7.776	7.681	7.869	7.401	7.113	7.844	7.338	8.051	7.637	5.718	7.842	9.252	8.197	8.484
FLIP_2	6.571	6.47	7.716	7.0	7.971	8.146	7.37	7.19	9.726	7.678	7.124	7.76	6.652	7.652	8.356	7.241	8.065	9.27	7.109	7.828	6.657	7.443	6.641	10.498	7.421	7.182	7.641	8.301	8.74	8.629	9.911	8.728	9.845	8.206	9.172	6.773	7.924	7.536	7.655	6.401	8.22	7.935	7.758	7.891	6.833	8.321	7.139	6.829	8.301	7.094	7.954	7.195	7.629	7.144	9.364	6.944	9.723	8.356	7.323	9.682	7.65	7.217	8.541	7.327	9.347	8.107	5.978	8.143	6.569	8.468	7.512	8.139	7.28	8.533	9.093	7.609	8.401	8.841	6.52	9.392	9.13	9.303	7.638	7.893	7.826	8.221	6.097	8.497	10.056	8.197	7.61	7.003	9.459	6.777	8.263	8.773	10.125	7.753	8.57	7.551	8.433	9.247	8.293	8.836	7.477	8.686	8.166	7.99	8.414	8.362	9.372	8.609	8.042	8.369	8.122	10.59	8.321	6.819	8.068	7.298
DEG_1	5.17	5.294	5.723	4.977	7.19	7.725	5.296	4.274	7.172	7.108	6.822	7.157	5.132	5.832	4.616	4.582	6.981	5.328	8.28	6.074	5.36	6.798	7.801	6.486	4.783	6.371	7.376	5.507	5.226	7.016	6.14	4.897	5.62	5.244	6.296	6.11	7.15	6.71	4.436	6.407	6.897	6.456	7.03	5.45	5.049	6.93	4.935	3.84	7.025	5.276	5.694	4.602	4.674	4.843	5.639	6.37	3.702	6.752	4.818	4.934	8.236	8.29	7.783	8.293	6.971	8.457	6.77	8.52	8.377	8.603	7.397	10.822	7.715	8.076	7.214	9.296	7.486	8.881	7.037	8.232	7.585	8.824	7.663	7.12	8.371	6.808	7.034	8.673	6.167	8.666	7.566	7.078	8.179	8.548	7.395	7.783	8.71	8.665	7.904	7.224	7.058	7.391	8.599	8.503	8.245	9.275	7.675	7.601	7.597	9.769	6.018	8.238	8.386	8.023	10.172	9.073	8.696	7.12	8.439	7.619
DEG_2	6.678	5.925	4.464	7.845	5.139	6.247	6.2	7.411	5.544	7.008	5.258	7.122	5.237	5.638	7.896	6.317	6.11	8.242	6.361	5.184	6.735	4.818	7.128	7.206	5.427	5.372	6.177	6.014	5.022	6.568	3.958	5.567	5.596	5.727	6.307	4.772	6.589	5.82	5.35	4.633	4.817	6.36	5.036	6.064	7.062	7.033	7.56	5.704	4.915	7.021	6.31	7.124	6.011	7.196	6.846	6.716	6.504	6.398	6.233	6.226	8.013	8.161	7.518	8.57	9.511	8.952	8.18	6.155	9.002	8.994	7.797	7.53	8.601	7.219	8.732	6.966	7.117	7.999	6.614	7.987	8.486	6.749	8.858	7.459	8.504	8.189	7.56	7.497	6.386	7.336	7.266	9.534	8.947	6.705	8.743	8.2	7.635	8.426	8.735	7.459	7.735	8.149	7.07	8.167	7.918	7.357	7.206	8.281	8.816	8.305	7.194	8.697	8.155	8.551	9.086	7.151	7.866	7.437	7.178	9.873
DEG_3	6.99	5.488	7.736	5.894	6.985	5.91	5.753	8.032	5.691	4.723	5.286	5.683	8.155	6.207	6.935	4.998	6.353	6.671	7.802	5.304	6.603	6.303	4.978	5.981	5.737	3.675	6.599	6.54	5.561	4.661	7.48	6.266	7.017	7.41	5.479	6.812	5.759	5.937	5.914	5.999	7.114	6.124	5.846	5.723	6.341	5.105	5.497	5.948	5.434	5.882	5.389	8.004	7.329	6.45	5.946	8.191	6.323	5.913	6.303	6.306	8.876	6.344	8.396	7.477	9.072	8.076	7.835	8.131	8.357	8.026	7.793	7.869	8.476	6.943	7.997	7.886	7.544	8.687	6.793	7.657	7.203	8.508	7.562	8.045	8.359	6.507	8.422	7.3	7.761	7.894	8.755	8.689	9.649	8.165	7.554	7.53	8.61	9.497	8.318	7.461	8.256	8.239	8.03	7.306	5.629	7.499	8.983	8.198	5.937	8.005	6.275	9.858	8.178	6.876	8.745	7.269	8.524	8.02	6.898	8.621
DEG_4	7.41	5.981	8.099	5.118	6.694	4.998	7.817	5.669	5.942	6.924	7.255	4.888	5.654	4.605	6.137	5.899	5.651	5.316	5.614	5.254	6.529	7.516	4.069	5.884	5.582	6.492	5.048	5.854	4.96	6.697	6.099	5.839	6.37	5.754	4.446	6.596	6.288	5.846	6.985	7.218	4.908	5.219	7.547	7.419	5.262	4.819	5.362	5.502	4.416	6.031	4.72	4.79	6.916	5.317	5.929	6.629	6.813	5.663	6.044	5.175	6.749	9.252	8.057	7.039	6.307	9.509	9.355	6.826	9.538	8.156	7.793	7.919	7.749	9.336	8.14	6.279	9.955	8.824	6.983	7.667	7.155	8.044	8.368	8.222	7.441	7.253	8.791	7.906	10.102	7.246	8.736	8.046	7.29	9.272	8.115	7.165	7.702	8.95	6.856	9.288	8.64	7.74	9.267	9.634	8.56	8.159	9.726	9.398	7.133	7.807	7.799	7.616	6.599	8.844	8.078	8.092	9.319	7.471	7.947	8.257
DEG_5	7.747	6.65	4.897	6.004	6.714	6.479	7.829	7.372	5.461	5.911	4.718	6.249	6.151	8.703	6.098	3.907	5.328	6.112	4.744	5.133	5.634	6.342	5.835	5.111	6.788	5.46	5.501	4.62	5.214	6.652	4.382	5.929	6.718	5.623	6.24	4.883	7.31	7.101	6.235	4.245	4.954	6.977	7.713	6.297	7.247	5.392	5.811	6.001	6.423	4.471	6.941	7.323	4.851	4.645	6.351	5.346	3.629	6.809	6.156	5.523	7.595	7.896	8.718	7.992	9.248	7.296	8.189	6.661	7.889	7.341	9.279	8.699	8.478	9.733	9.356	8.675	7.351	6.641	7.972	7.666	7.391	7.727	6.443	9.403	6.926	7.367	8.537	6.467	8.868	8.884	7.705	6.984	7.553	6.255	9.309	8.051	7.305	7.143	8.542	9.419	6.797	7.457	6.339	8.639	8.148	10.135	7.884	7.588	7.329	8.807	6.459	8.71	8.234	7.522	7.146	8.998	9.763	7.578	8.501	9.651
DEG_6	8.113	6.139	5.247	6.101	4.96	5.238	6.386	5.446	5.549	7.669	6.86	6.803	6.529	6.484	7.457	5.98	7.856	5.049	5.745	4.621	5.656	6.518	7.451	5.337	6.005	5.641	5.261	4.811	6.061	4.268	6.111	6.021	5.342	4.989	4.616	7.871	4.658	7.558	6.6	5.636	4.843	7.042	7.73	5.066	5.701	7.052	6.336	8.0	5.43	6.542	4.749	8.096	5.27	3.792	5.874	5.861	7.916	5.661	5.987	6.593	7.413	7.761	6.844	7.86	7.923	7.603	7.299	6.498	6.724	7.073	8.609	7.517	7.191	8.623	8.534	7.283	7.405	8.628	8.347	7.205	8.229	7.972	9.06	7.174	8.84	8.411	7.04	9.004	8.866	6.744	9.889	6.907	7.124	7.692	8.735	8.556	7.91	9.304	8.387	9.333	10.693	8.185	5.537	7.567	6.97	8.088	8.094	6.824	6.894	7.747	7.811	5.499	8.935	8.03	7.99	8.286	7.014	7.951	9.0	9.038
BG001	7.548	5.899	7.001	6.48	5.666	6.039	5.991	5.046	7.176	4.576	7.133	6.916	5.869	5.196	5.735	6.435	6.705	6.249	6.954	5.404	6.196	4.393	6.725	6.115	5.546	7.123	6.653	3.145	6.002	4.507	7.028	8.451	5.443	6.036	5.711	6.313	6.606	7.249	4.974	7.533	5.03	6.239	7.12	6.675	5.023	5.26	5.5	5.911	7.109	4.67	6.429	6.572	6.52	6.428	7.48	6.45	6.819	6.525	7.755	4.062	6.407	5.692	5.168	7.237	6.469	5.553	3.86	5.119	4.092	7.171	6.145	5.238	5.693	8.488	7.145	4.653	5.834	4.762	4.28	6.132	8.32	7.487	6.005	5.594	6.159	6.974	4.531	4.13	7.806	6.237	7.538	6.195	7.413	5.361	6.451	7.488	6.967	5.509	6.843	5.307	4.556	6.478	7.343	6.8	4.719	6.82	6.633	5.507	3.503	6.966	6.839	6.454	4.247	4.486	6.965	6.758	6.452	5.717	6.353	5.424
BG002	11.206	9.663	9.643	8.954	8.055	9.542	9.236	10.418	8.451	11.355	10.196	9.676	9.214	9.136	8.794	9.379	9.93	9.746	8.509	9.658	9.03	10.084	11.788	10.549	9.611	8.299	8.509	8.237	10.65	9.159	9.986	9.302	10.015	11.325	9.239	9.583	9.117	10.798	8.898	8.791	8.536	8.515	10.395	12.493	8.928	10.875	10.175	8.822	9.647	9.691	9.233	11.854	8.018	10.305	10.255	9.344	10.073	10.801	10.076	10.341	9.614	9.063	10.18	9.508	10.869	10.639	9.116	11.75	8.807	10.371	11.002	11.199	7.727	10.92	11.139	11.357	7.707	9.249	9.825	9.479	11.261	9.247	11.149	10.484	8.472	8.934	9.455	10.02	10.916	9.741	10.832	8.351	6.876	9.587	10.382	9.562	8.914	10.346	11.857	9.82	9.198	9.078	11.89	9.883	10.536	11.144	11.001	9.002	10.88	10.767	10.413	10.933	9.362	9.849	9.399	10.682	9.271	10.317	8.83	9.802
BG003	6.605	3.88	7.391	8.191	6.893	6.926	4.504	5.794	5.1	5.325	6.879	5.108	5.782	4.004	5.754	6.002	5.207	5.192	7.799	4.703	4.862	5.103	7.111	8.014	6.244	5.195	5.485	6.977	5.001	7.365	7.329	5.982	6.558	6.662	7.466	4.861	7.093	5.537	5.145	6.015	5.698	4.925	4.315	4.97	7.365	7.875	6.562	7.098	5.395	5.835	6.195	4.831	4.922	6.009	5.592	4.849	6.299	5.649	6.934	5.907	5.55	5.798	6.045	5.728	5.693	3.842	7.018	5.289	5.668	5.085	6.911	5.008	6.417	7.091	7.558	7.1	6.532	4.715	7.203	7.101	6.751	6.717	5.992	5.401	6.996	7.188	4.88	6.83	6.164	6.804	6.194	7.029	6.944	6.807	4.548	6.744	5.974	4.803	6.63	4.564	6.818	7.613	5.428	6.844	6.378	6.577	4.586	6.537	6.065	6.667	5.941	7.022	6.206	6.609	7.294	6.117	6.923	6.163	6.455	5.417
BG004	8.431	8.859	8.559	8.063	8.329	9.481	9.378	10.018	7.038	8.338	8.317	8.903	8.279	8.218	9.514	8.909	7.565	10.066	9.728	8.157	9.563	7.996	9.857	8.513	7.928	8.358	7.965	8.923	8.906	8.767	8.175	5.07	8.824	6.835	8.975	9.862	9.005	8.342	8.551	8.598	8.182	8.148	7.807	9.919	8.716	9.688	8.481	8.803	8.561	9.194	9.558	8.971	8.057	7.951	10.39	8.451	8.44	10.196	9.819	9.265	9.526	9.973	8.678	9.545	9.184	7.668	9.11	10.065	8.282	7.003	8.965	8.128	10.635	8.723	8.759	8.144	9.011	8.209	7.876	8.704	7.968	10.063	7.618	8.694	8.089	7.409	10.4	6.701	10.195	7.38	8.855	10.988	6.678	7.42	10.054	8.936	8.231	8.735	7.82	8.887	10.232	8.391	8.903	9.946	10.715	8.19	9.061	8.215	8.135	8.374	8.147	7.07	6.816	8.051	8.896	9.957	8.247	8.603	9.414	9.492
BG005	8.82	11.573	9.612	9.766	9.048	7.805	7.885	9.626	9.611	8.979	8.048	7.778	8.892	7.763	10.118	10.372	12.048	10.098	8.627	8.348	5.768	8.624	9.042	10.187	9.831	9.808	9.433	9.88	10.667	8.155	8.762	7.831	10.838	10.516	9.972	8.021	9.392	8.985	9.3	9.031	9.739	8.825	10.074	9.461	8.926	9.108	8.779	10.033	8.948	9.514	8.827	7.734	10.125	8.161	9.899	9.64	7.563	8.275	8.705	8.399	9.142	9.203	11.09	8.927	8.775	7.662	9.679	8.996	11.125	8.927	10.05	10.168	10.868	7.972	10.787	9.268	9.153	8.951	8.868	8.918	6.971	9.754	9.316	8.324	9.192	11.503	9.626	8.875	10.927	8.476	9.104	8.714	9.023	9.969	9.821	8.54	9.128	9.337	8.854	9.218	8.549	8.536	9.296	8.245	9.66	9.063	8.353	8.654	8.785	9.095	9.362	9.048	8.405	10.645	10.131	9.358	10.176	9.568	8.999	9.333
BG006	5.164	7.087	6.107	6.732	5.916	6.652	5.595	6.32	6.928	6.392	5.889	5.26	6.514	6.691	6.088	5.577	6.889	8.828	6.044	6.683	6.724	3.78	6.47	5.64	7.731	6.093	5.569	6.128	6.513	5.787	6.294	4.992	6.121	7.122	8.316	7.053	6.618	7.53	7.366	8.01	7.429	6.229	6.605	6.526	6.649	6.547	5.564	4.243	5.675	4.32	6.414	6.351	4.671	7.035	7.213	6.442	8.014	8.218	5.141	7.383	8.968	7.342	7.39	5.993	6.96	8.571	6.791	7.419	7.598	7.001	7.906	6.6	6.859	5.767	8.937	6.671	6.483	7.723	5.903	6.37	5.617	6.397	5.999	6.901	6.252	5.795	6.09	6.259	5.878	7.282	7.025	6.515	5.223	6.875	5.137	6.553	6.42	5.804	5.571	5.701	8.359	6.117	6.174	7.301	6.779	7.395	5.188	5.322	9.59	6.333	6.094	6.529	7.33	5.225	6.647	6.346	7.023	6.54	5.861	5.537
BG007	7.068	7.046	7.562	5.908	6.035	5.801	5.872	6.529	5.175	5.582	7.205	6.556	7.01	4.738	5.843	6.072	6.66	6.041	7.561	6.569	6.644	6.641	7.335	6.156	7.75	7.087	6.781	6.669	7.148	7.643	7.573	7.003	7.504	6.746	7.88	6.601	4.552	7.965	6.735	5.456	6.429	5.743	8.728	7.125	5.059	7.173	6.229	8.544	5.575	4.38	6.693	6.279	6.211	4.486	7.054	8.301	4.718	7.799	6.059	8.976	4.304	7.598	5.237	6.265	8.256	6.251	7.243	6.45	7.327	6.682	6.163	7.954	6.397	5.365	6.337	7.172	5.582	7.41	7.39	8.695	6.036	7.289	5.048	6.251	6.754	7.045	6.6	6.566	6.064	6.225	6.947	7.19	7.268	7.609	7.794	4.922	6.152	6.498	6.035	7.658	7.371	6.55	6.769	7.866	6.32	6.351	7.523	7.104	8.015	7.008	7.371	6.13	5.752	6.644	4.109	7.044	7.584	6.726	6.442	7.695
BG008	6.673	6.049	7.342	6.763	5.644	6.947	5.726	4.448	8.268	5.887	5.627	6.575	4.677	4.883	5.737	5.717	6.308	7.359	5.762	6.729	6.838	5.152	6.465	5.294	7.3	6.692	6.253	4.897	6.352	5.469	6.942	6.117	5.424	7.162	6.958	5.643	7.399	5.938	5.927	6.36	5.484	5.795	6.076	7.767	7.736	5.978	7.847	6.193	6.617	7.12	6.529	8.652	6.48	5.039	7.542	5.824	5.932	3.245	7.237	7.055	6.222	7.202	8.363	6.956	7.161	6.735	6.503	6.527	6.327	7.3	4.719	6.007	6.892	5.456	6.162	5.599	6.684	7.089	7.653	6.743	5.576	6.504	6.807	7.612	4.212	6.618	4.516	6.947	6.688	6.74	7.109	6.631	5.645	6.599	7.41	6.152	6.29	5.105	7.371	5.781	5.554	5.836	5.44	6.023	7.481	7.021	7.624	7.683	5.408	6.722	7.694	8.456	4.912	4.903	6.71	5.942	5.313	6.626	5.51	4.096
BG009	5.441	5.62	6.333	4.596	5.579	3.898	4.288	5.698	5.033	3.308	5.003	4.459	3.823	5.076	4.237	3.071	3.531	6.411	3.127	4.865	5.252	5.281	3.416	4.32	4.783	5.442	3.997	3.478	5.644	5.747	5.012	4.033	5.048	4.751	5.479	3.393	4.758	4.483	3.532	4.857	4.677	4.231	5.038	3.223	4.588	5.073	4.926	5.718	3.441	3.134	4.881	5.097	6.762	5.258	3.768	5.448	3.796	3.156	7.251	4.968	4.644	4.786	5.275	5.564	4.84	4.44	4.03	3.093	4.247	5.617	5.287	6.623	4.519	2.961	5.454	5.654	3.548	3.123	4.809	5.343	3.594	4.339	3.921	3.534	3.405	4.795	4.306	4.021	2.171	6.329	3.759	4.529	3.573	5.021	3.218	4.748	4.479	5.535	3.611	4.038	4.432	6.656	3.249	4.934	4.03	4.953	5.279	4.789	4.905	4.921	4.093	4.447	3.071	4.314	3.919	4.409	5.355	5.017	5.101	5.705
BG010	7.589	7.437	8.686	7.158	8.091	5.847	5.482	8.3	8.349	7.385	7.1	7.04	6.186	8.412	7.533	7.38	7.25	7.922	7.379	7.619	5.705	7.384	9.061	6.355	6.745	7.766	7.831	7.498	5.256	7.376	5.69	6.049	7.422	6.578	7.683	10.022	7.651	7.597	5.978	6.231	5.81	6.341	5.782	6.214	6.665	5.873	5.455	5.512	7.328	6.934	7.9	7.918	6.533	7.544	5.433	9.157	8.069	6.659	5.711	7.254	4.607	7.293	6.859	6.789	5.635	7.406	7.977	7.862	6.799	7.49	7.761	8.62	8.051	7.015	6.97	7.039	7.096	6.405	7.616	6.219	6.114	7.217	6.331	6.645	4.897	7.636	6.872	6.756	7.319	7.078	6.21	8.791	6.447	7.807	8.624	6.285	6.966	6.096	7.879	6.557	5.827	8.133	7.752	6.029	8.006	7.063	9.467	8.513	6.347	6.619	6.039	7.003	6.921	7.578	6.958	5.472	6.101	8.225	7.977	6.721
BG011	3.578	4.669	6.197	5.524	4.957	6.399	4.409	5.733	4.95	4.601	5.912	4.455	7.35	4.863	7.438	4.354	6.054	4.249	4.107	5.608	6.126	4.174	6.632	4.651	5.579	5.828	6.043	3.65	7.067	6.01	5.023	4.424	3.754	4.087	5.993	5.107	4.317	4.921	7.012	5.117	4.864	6.799	5.91	5.492	4.84	3.896	4.278	4.968	5.228	5.804	6.0	5.671	5.669	4.441	3.293	4.927	4.494	4.795	5.174	4.205	5.319	5.288	5.47	3.847	6.303	4.821	5.589	3.036	5.672	6.726	3.315	6.899	5.899	4.749	3.935	6.558	5.697	6.015	5.189	4.687	6.279	4.537	6.309	3.852	4.564	4.061	6.699	3.776	4.36	6.079	5.667	7.543	7.208	6.038	6.108	3.704	4.605	5.134	5.278	4.133	4.558	4.638	6.464	5.855	5.13	5.184	5.726	4.781	5.196	3.801	6.088	6.367	5.794	5.905	5.797	7.4	5.642	4.182	4.445	6.128
BG012	4.432	5.443	5.659	4.887	6.041	5.323	4.523	5.584	7.425	4.868	6.709	6.921	7.041	4.72	7.558	5.659	5.289	5.313	6.144	5.594	5.366	6.826	4.82	4.5	6.336	6.246	6.637	4.471	6.624	6.025	7.305	4.295	5.761	5.265	3.953	4.828	6.67	5.074	4.82	6.411	6.532	6.53	4.753	5.485	6.574	4.887	4.794	6.371	7.105	4.391	2.945	4.093	4.53	5.405	6.159	5.396	4.843	5.696	4.581	5.496	6.563	6.28	6.346	5.721	4.117	4.863	3.809	5.171	4.236	5.633	5.378	3.674	6.242	6.269	4.207	5.678	6.226	5.26	6.359	5.719	6.567	5.715	5.378	6.027	6.288	5.775	5.104	4.776	5.175	4.983	5.73	5.696	5.45	5.53	5.697	7.037	6.689	4.976	5.936	5.213	5.436	5.294	4.927	4.218	3.158	5.721	6.667	4.655	6.015	5.155	5.796	4.749	5.303	5.419	3.233	5.733	5.392	3.132	6.151	5.491
BG013	4.467	7.789	5.925	4.273	4.111	4.67	3.464	4.378	4.37	5.992	4.682	4.318	3.768	3.932	5.042	4.893	6.243	4.479	6.168	5.366	5.104	3.1	3.818	5.85	6.506	5.315	5.871	4.701	4.737	4.445	6.083	5.451	4.874	4.78	5.665	5.432	4.276	6.824	5.365	5.119	6.586	6.132	5.02	5.644	4.038	4.468	2.848	6.329	3.21	5.79	4.278	4.129	4.913	5.375	5.72	6.88	5.467	5.99	4.51	5.822	5.286	5.437	4.686	4.05	4.658	4.675	7.231	6.867	4.615	4.686	5.397	5.631	4.416	4.117	6.954	6.106	3.58	3.375	4.283	5.296	5.613	4.752	3.517	5.294	5.665	5.08	4.6	5.638	5.025	3.992	5.171	3.823	6.015	5.534	4.112	5.285	6.294	2.995	4.943	6.68	3.569	4.916	3.692	5.013	2.74	3.497	4.554	5.213	5.447	5.493	6.199	5.759	5.799	4.122	4.925	8.188	7.294	5.888	5.802	6.045
BG014	5.316	4.7	5.067	5.101	5.354	5.565	4.654	4.422	5.911	3.467	4.545	6.716	2.456	4.47	5.851	3.513	7.761	2.575	6.6	6.721	6.08	4.942	5.52	4.266	5.973	4.043	4.889	6.159	4.049	4.799	5.327	3.821	6.328	5.504	3.648	5.116	4.388	4.506	5.24	4.453	6.128	4.459	6.145	5.119	6.019	4.622	4.658	4.011	5.741	6.101	7.282	6.454	5.413	4.952	5.552	5.135	6.627	6.107	4.326	4.476	4.738	7.051	4.766	5.053	7.265	3.094	5.488	3.444	4.493	5.043	4.788	5.304	4.38	5.032	3.967	4.752	3.769	5.778	3.86	5.816	4.726	4.835	6.295	5.24	3.266	5.626	2.273	5.397	4.738	3.753	5.211	4.829	7.114	4.7	7.052	6.5	4.529	4.326	6.439	4.999	5.291	4.881	3.935	4.764	4.183	3.616	4.843	6.902	6.736	5.072	5.268	5.642	6.483	5.449	4.659	4.745	6.259	7.72	4.512	3.095
BG015	10.25	9.191	8.651	10.069	8.495	8.603	8.422	6.921	9.747	7.674	8.314	8.139	9.61	8.814	8.898	7.204	8.796	7.407	9.19	9.25	8.866	10.926	9.411	9.479	9.025	8.69	9.849	9.984	7.582	9.937	9.397	9.844	9.349	7.639	7.71	10.708	9.135	7.466	9.231	8.521	7.04	6.593	7.28	9.155	8.835	8.634	9.168	9.484	6.78	8.582	8.055	7.65	8.336	8.76	8.617	7.428	8.4	10.899	7.828	7.196	9.659	8.777	8.991	10.083	8.921	7.534	6.901	8.806	7.701	9.142	7.585	8.503	7.389	8.493	8.409	9.447	10.192	8.671	7.995	10.804	9.216	9.464	9.462	10.305	9.862	9.531	9.62	8.0	8.249	8.75	8.949	8.875	9.165	8.883	8.43	7.237	9.691	9.443	7.981	9.354	9.251	8.93	7.023	7.654	8.258	10.468	8.001	8.511	7.749	8.366	9.199	6.788	6.026	9.518	8.892	8.253	9.824	9.826	6.764	8.69
BG016	6.813	7.135	7.002	5.418	7.536	5.753	5.403	5.929	6.429	7.252	7.162	6.515	7.471	6.619	7.434	5.134	4.964	7.314	5.148	6.236	6.44	6.05	6.084	7.931	4.008	7.422	8.833	6.561	6.519	7.264	8.367	5.35	6.626	6.352	7.097	6.697	7.198	6.116	6.587	5.868	5.874	6.396	6.396	5.365	8.108	6.403	5.154	7.639	5.79	7.046	6.521	6.789	6.709	5.963	6.579	8.571	4.3	6.604	6.973	5.486	7.618	5.844	6.199	7.464	6.244	5.317	5.826	5.188	7.065	4.79	7.512	4.868	6.557	5.046	6.196	7.533	7.633	7.815	6.423	6.619	6.744	7.127	6.113	7.611	6.837	7.655	6.989	7.189	5.782	6.096	5.22	6.216	6.335	7.347	5.253	9.745	6.39	7.769	7.551	3.992	6.249	7.985	4.087	7.28	5.596	6.045	6.735	4.645	6.707	5.865	5.761	7.212	10.018	6.854	7.064	6.46	5.787	6.769	8.028	6.699
BG017	4.165	7.694	5.164	7.615	6.071	5.612	6.011	6.171	6.715	5.971	5.68	5.712	6.887	6.352	4.534	4.9	5.866	4.913	5.159	4.58	5.274	5.959	6.531	5.545	7.61	5.459	8.729	6.537	6.032	5.036	2.711	5.38	5.714	7.458	4.156	7.441	5.284	6.26	2.996	5.675	5.192	6.218	5.627	4.393	6.483	6.23	6.132	6.544	6.636	5.514	4.178	4.151	6.885	6.246	5.638	5.101	5.567	5.56	5.199	4.836	6.398	5.28	8.027	3.858	6.092	6.048	5.772	4.389	4.367	5.27	5.604	4.291	4.438	6.064	6.535	4.942	4.804	4.775	7.98	5.991	5.435	6.507	7.797	6.672	4.072	5.414	5.095	5.156	4.281	5.107	4.413	5.838	5.543	4.082	3.788	5.017	6.149	5.992	5.43	2.186	5.001	4.754	5.16	4.273	5.062	4.829	8.217	6.201	5.302	5.447	5.376	5.684	5.089	5.478	6.525	6.329	5.805	6.831	5.72	4.511
BG018	9.71	7.774	6.94	6.243	6.82	8.265	8.304	7.327	7.597	7.24	6.438	8.847	7.918	10.022	6.789	7.408	8.428	7.3	6.158	6.597	7.646	7.889	7.451	8.549	8.538	7.868	7.572	7.293	8.096	8.465	7.606	7.995	7.221	6.134	6.544	8.311	7.992	9.136	7.602	8.41	8.868	8.54	6.937	7.361	7.675	6.56	8.02	8.569	7.065	9.518	7.255	7.342	7.307	6.837	7.963	7.565	9.207	8.153	8.083	7.324	5.753	6.808	7.442	7.905	8.586	6.929	6.697	8.279	8.686	7.026	7.844	8.885	7.827	7.45	5.421	8.835	8.151	7.631	7.039	6.255	7.405	7.398	8.606	6.29	8.951	7.54	8.695	6.533	7.853	8.729	7.62	6.031	7.174	8.042	6.103	6.057	7.741	6.553	8.188	6.327	5.665	6.727	9.001	6.64	7.5	7.753	6.554	8.6	7.683	7.952	5.821	5.753	4.746	7.316	7.277	8.231	8.995	7.253	7.238	7.959
BG019	6.211	7.536	6.775	8.577	7.595	9.291	8.361	8.461	7.856	7.834	8.279	8.548	6.915	8.118	10.247	7.536	7.37	6.933	6.177	8.815	7.687	7.925	9.47	10.135	6.737	8.68	8.249	8.025	8.106	7.604	9.217	8.242	7.973	8.875	8.525	8.088	7.955	9.384	8.138	7.539	6.771	7.284	6.579	7.736	7.885	5.578	7.647	8.278	7.795	6.674	8.897	6.932	6.4	6.547	7.614	8.611	8.794	7.838	6.434	6.971	9.119	6.763	8.215	7.341	7.253	8.404	6.797	6.518	8.255	7.563	7.325	7.455	8.086	7.219	8.356	8.004	9.073	8.857	8.448	7.387	7.708	6.996	10.444	7.368	8.147	8.951	6.227	6.764	7.196	6.596	6.322	7.075	8.885	8.317	7.627	7.621	5.931	8.29	8.019	6.511	7.8	7.401	7.075	6.605	6.918	6.651	8.056	7.96	7.917	7.412	7.187	9.638	5.732	8.792	7.949	7.664	7.086	7.376	6.409	6.208
BG020	6.985	7.705	6.109	7.994	8.528	7.733	8.343	6.944	6.427	7.245	9.039	8.912	7.425	9.086	7.557	9.394	8.365	7.43	8.677	7.107	6.946	6.431	8.14	7.828	7.804	7.471	9.319	7.458	7.158	9.127	9.302	8.22	6.141	7.281	8.494	7.899	9.435	6.514	8.56	7.254	9.204	7.806	8.912	7.234	6.472	6.771	7.274	6.856	9.082	9.22	8.154	6.847	7.763	7.195	9.335	8.197	8.371	7.481	5.87	7.11	7.739	6.195	8.691	8.966	4.411	6.299	8.124	8.064	7.963	8.274	8.599	8.719	9.643	7.88	8.717	6.231	7.722	6.634	9.247	10.189	8.396	6.554	7.742	7.885	8.054	8.945	8.81	5.206	9.223	7.36	7.297	9.273	7.59	6.486	6.531	7.915	8.765	9.358	7.687	7.389	9.481	7.4	9.316	8.092	8.095	7.623	8.155	7.394	7.179	7.723	7.208	8.162	7.944	7.596	7.659	7.63	9.597	7.849	7.264	7.563
BG021	8.352	9.838	9.565	8.667	9.08	11.035	8.509	8.55	9.24	8.769	9.039	10.0	11.2	7.689	9.45	9.51	9.384	9.281	9.128	10.472	9.003	9.341	9.468	9.576	9.297	10.467	9.459	9.642	9.417	8.465	8.638	8.418	9.661	8.755	8.407	9.706	9.993	7.707	11.158	9.5	9.363	10.535	9.538	8.864	11.663	8.394	9.371	10.315	8.398	9.366	9.855	11.87	8.575	9.42	10.127	9.549	8.265	9.876	9.576	9.914	10.108	9.245	9.294	9.189	9.61	9.836	9.888	7.81	8.378	6.817	10.246	10.552	10.744	9.588	10.593	9.407	9.323	7.904	8.662	8.853	10.362	11.102	8.976	9.816	9.72	8.671	7.724	8.691	8.008	9.128	9.302	9.262	9.275	9.926	8.512	10.33	7.773	9.505	9.83	8.651	7.849	10.079	8.769	10.222	10.208	9.435	9.439	10.427	9.817	8.509	9.608	9.993	9.643	9.63	9.294	9.323	8.508	8.014	10.563	8.806
BG022	6.033	5.914	5.309	5.212	3.803	4.767	5.122	4.5	4.999	4.076	6.436	7.053	4.512	5.302	4.667	6.164	5.336	4.979	4.678	5.027	3.901	5.577	4.187	5.436	5.031	5.996	4.884	5.924	3.979	5.511	4.677	5.095	4.973	5.838	2.882	5.224	3.407	6.108	2.928	3.897	3.227	6.54	3.612	5.015	4.365	3.101	4.564	5.564	4.717	5.842	4.539	4.908	4.516	5.245	6.8	5.263	5.096	4.283	4.146	6.365	5.095	3.378	5.032	4.05	7.83	3.86	3.912	5.812	6.006	2.777	5.127	5.748	3.656	5.553	4.349	3.88	4.524	4.414	3.491	7.098	4.42	4.13	5.722	4.801	6.198	4.607	5.222	4.965	5.038	4.665	4.769	6.537	4.196	4.33	4.531	5.439	5.271	5.801	3.542	5.13	4.697	4.588	5.035	2.919	5.143	5.016	3.455	4.778	6.409	4.487	5.46	4.649	4.068	3.96	4.478	6.161	5.681	4.173	5.862	4.746
BG023	5.116	5.315	6.131	5.802	8.185	3.862	6.59	6.941	5.108	5.584	6.661	7.858	5.308	4.649	7.201	7.752	5.893	4.015	7.68	6.03	7.352	6.185	5.853	5.776	7.702	7.663	4.09	5.292	8.005	5.861	4.868	6.233	6.12	6.131	5.749	5.918	5.772	6.562	5.416	5.939	6.084	7.534	6.602	6.119	6.765	6.634	7.316	6.735	8.022	7.573	6.187	5.814	7.111	6.745	6.134	4.751	4.396	6.577	6.999	7.032	5.515	6.626	5.296	4.645	7.482	4.39	6.736	4.69	6.171	6.004	5.765	4.037	6.093	6.164	5.313	6.134	7.183	5.491	6.455	5.064	6.579	6.834	8.653	7.097	6.63	7.594	5.221	7.261	5.665	5.592	7.285	6.435	7.512	4.775	6.473	5.686	5.938	4.325	7.13	6.413	5.235	4.88	5.35	7.584	6.109	5.88	6.694	6.221	6.438	6.942	6.537	7.076	5.039	6.274	5.864	6.318	6.175	5.59	5.872	7.147
BG024	4.421	6.745	5.174	6.096	6.124	4.905	5.116	3.635	4.791	3.905	6.145	5.769	6.622	6.064	5.073	6.054	5.317	6.317	6.023	4.719	5.71	5.763	5.4	6.603	7.421	5.34	5.357	3.46	5.579	5.272	3.547	5.996	6.299	4.974	5.335	4.741	6.47	4.19	5.394	7.659	5.759	6.176	5.561	4.533	5.675	6.114	4.685	6.049	6.953	6.777	4.125	4.732	4.094	6.779	6.318	6.411	4.829	4.541	5.785	5.809	5.153	4.474	6.281	6.652	5.433	5.824	4.877	5.501	6.786	6.487	5.847	5.432	4.105	6.012	6.152	6.737	7.679	6.073	6.642	4.611	6.886	6.556	7.041	6.368	6.15	7.155	5.058	6.339	6.769	4.942	4.584	6.135	5.833	6.307	6.342	4.965	6.044	6.816	5.369	5.438	4.616	6.514	7.621	4.382	6.462	6.599	5.173	5.356	4.701	4.957	5.882	6.357	5.836	6.556	5.922	4.583	7.138	6.878	5.032	7.452
BG025	3.246	4.243	4.745	4.329	3.061	1.988	3.842	4.265	3.841	3.672	3.409	4.816	4.048	4.224	3.129	3.48	4.264	3.095	2.841	3.772	5.302	4.292	5.56	3.969	3.791	2.708	3.524	5.536	4.428	4.834	4.806	4.091	3.896	4.22	4.772	4.559	4.593	4.255	3.331	3.839	3.159	5.105	1.999	3.883	6.488	3.759	2.966	4.083	5.39	3.94	4.714	4.201	3.728	7.251	4.172	3.564	3.611	4.481	4.51	4.873	4.575	4.247	5.988	1.684	2.555	4.813	3.881	3.199	5.592	4.597	2.879	3.48	4.948	5.865	2.172	4.369	3.754	2.423	3.964	2.564	3.604	5.705	4.629	4.89	4.714	4.475	5.078	2.994	3.78	4.963	3.422	3.705	5.31	5.63	3.543	3.339	4.705	4.4	3.48	4.719	4.678	4.217	7.006	5.465	4.934	5.138	7.03	5.211	3.438	4.454	4.212	3.586	4.395	4.386	4.087	3.666	4.951	2.583	4.947	4.152
BG026	5.23	3.658	5.621	4.78	4.803	3.606	4.516	4.362	5.053	3.636	5.14	5.214	3.97	4.465	4.232	5.997	2.561	4.746	3.429	4.658	5.936	4.459	5.228	4.245	7.029	6.003	6.217	3.761	3.988	6.169	4.895	4.831	5.423	3.834	5.862	5.108	5.569	4.419	5.603	4.384	6.044	6.219	6.001	5.606	5.723	2.383	5.924	4.815	5.184	4.806	3.698	4.551	5.748	6.507	4.466	4.185	6.541	4.207	7.163	5.14	5.399	2.81	6.773	3.44	4.286	5.761	4.539	4.733	2.948	4.705	5.339	5.796	4.851	5.347	5.561	4.473	4.398	7.052	4.3	6.34	5.203	6.575	4.508	5.64	5.458	4.912	5.438	4.382	5.055	4.743	5.88	5.045	3.77	4.77	5.038	4.249	6.438	5.531	5.96	4.386	4.744	6.123	3.73	5.495	5.222	4.644	5.223	4.079	5.355	3.941	3.882	6.507	4.446	3.06	6.091	4.377	1.677	5.078	6.045	5.48
BG027	5.485	7.352	8.061	4.933	7.927	6.087	7.854	5.988	4.791	6.87	7.295	8.464	8.092	7.063	6.13	5.847	6.073	5.537	6.093	3.823	6.547	6.339	8.934	7.127	5.888	6.933	5.142	5.765	4.5	7.804	6.961	5.192	6.308	7.318	6.863	6.75	5.51	5.731	6.463	7.288	5.539	5.247	7.512	5.438	7.445	6.611	7.249	8.112	7.057	7.144	5.45	5.673	7.012	7.902	7.76	8.685	6.679	6.571	7.374	6.387	8.102	6.291	7.002	5.424	6.574	7.918	6.909	6.574	4.471	6.044	5.147	7.178	5.688	6.77	5.429	8.269	5.261	6.55	9.001	6.626	5.556	7.02	7.391	7.272	4.476	6.628	4.321	8.284	6.486	5.961	7.078	6.896	5.248	8.017	6.176	4.682	7.797	7.929	7.655	6.958	5.536	7.342	8.253	7.222	7.999	5.651	7.425	7.344	4.945	4.81	5.706	6.499	6.867	6.196	6.355	6.307	6.506	6.998	6.911	6.366
BG028	6.297	5.312	7.351	5.288	6.872	4.941	7.456	5.331	7.203	4.771	5.92	7.538	5.555	6.427	5.881	4.05	6.668	6.792	5.252	6.934	5.564	5.356	6.367	5.678	8.652	4.805	7.098	7.349	4.381	4.627	6.922	5.878	6.743	7.499	5.988	5.296	3.63	6.564	5.431	6.673	6.591	4.975	8.084	7.443	7.208	5.175	5.952	5.813	5.945	5.236	6.795	6.589	6.725	5.854	7.651	6.548	3.622	5.72	6.303	7.325	6.668	5.965	7.201	5.912	8.039	6.389	6.684	5.659	6.071	6.576	6.432	5.796	5.261	6.453	6.566	6.958	7.65	6.103	4.433	6.271	4.581	5.137	7.436	6.976	5.774	5.783	6.326	4.67	6.891	6.068	8.243	5.361	7.412	5.737	7.429	5.442	7.145	5.977	5.595	6.266	6.889	6.818	7.986	7.233	3.792	6.017	4.433	6.034	7.037	5.085	5.241	6.56	6.129	7.993	6.737	6.947	8.159	5.917	6.415	5.428
BG029	7.4	7.45	7.038	8.366	7.253	7.097	6.958	8.257	7.167	6.024	8.323	6.999	8.057	8.074	8.904	8.745	7.125	7.534	6.41	9.378	8.142	9.095	7.381	5.651	9.232	7.793	7.834	7.756	8.345	8.234	6.11	8.787	7.171	7.233	9.428	8.621	7.362	5.844	7.862	8.239	7.62	6.454	6.91	6.445	7.916	8.52	8.726	6.968	7.935	8.254	7.189	7.552	9.824	7.905	8.583	7.266	7.742	5.986	7.675	8.893	8.015	8.789	9.121	7.722	7.049	6.995	6.368	7.88	9.114	5.395	5.59	9.157	6.154	8.09	6.504	8.541	8.542	7.93	8.585	7.812	8.325	9.583	8.859	7.106	6.962	7.526	7.536	7.836	7.162	8.417	7.804	8.127	7.774	8.381	6.572	9.347	8.114	8.218	8.38	8.851	8.506	8.008	7.59	6.129	7.986	7.46	7.459	10.176	5.915	7.83	8.986	8.735	9.014	6.508	6.815	8.395	7.481	9.488	8.006	7.974
BG030	8.812	7.91	7.4	6.767	6.114	6.553	7.326	5.928	7.647	5.729	4.934	5.702	5.048	5.341	7.846	6.513	6.932	7.872	7.973	6.209	8.042	7.098	6.717	7.156	5.288	5.927	6.605	7.323	6.342	6.586	7.683	8.125	7.481	7.982	6.309	6.407	7.032	6.413	6.206	8.366	6.512	5.748	7.201	8.549	6.794	7.945	6.276	6.222	6.024	6.57	8.55	5.558	8.351	5.705	6.48	7.549	7.344	6.996	5.064	7.076	7.232	6.521	6.912	6.119	6.757	6.311	7.051	5.379	5.304	7.255	7.023	5.833	6.57	5.749	8.838	5.235	8.511	5.976	7.22	6.537	6.419	7.736	7.616	6.511	5.892	8.873	8.205	6.942	6.504	7.095	6.884	7.998	5.837	6.823	6.018	8.109	8.605	6.711	7.342	8.209	6.504	5.87	7.843	7.31	6.596	8.264	7.04	5.024	7.151	6.745	8.685	6.788	6.598	7.242	7.05	5.397	6.925	6.477	8.21	9.205
BG031	6.622	10.213	7.431	7.833	6.497	7.165	6.353	8.626	7.382	8.207	6.959	7.143	8.932	6.672	5.843	8.05	6.503	7.205	8.556	6.825	8.522	6.963	9.135	8.969	7.173	7.431	6.812	7.844	8.793	6.197	8.561	6.32	6.784	5.856	9.749	7.703	7.889	6.968	8.711	5.541	7.671	9.851	7.262	7.661	8.316	6.833	7.667	8.605	7.838	8.015	7.295	7.96	7.7	9.099	8.368	7.4	5.197	8.36	8.399	6.727	6.618	6.77	6.894	7.079	7.046	7.79	8.825	6.435	6.198	5.894	8.842	9.064	6.202	6.106	7.867	8.83	8.752	7.931	8.42	8.065	7.183	9.646	7.737	6.626	7.27	6.196	7.755	8.835	6.473	8.866	9.832	8.117	6.58	6.885	7.404	6.456	6.488	7.479	7.558	8.345	6.539	9.612	8.801	8.63	7.088	9.479	7.396	9.555	8.811	6.842	7.285	9.611	8.741	7.584	7.943	7.938	6.966	7.539	7.079	7.31
BG032	3.34	4.197	6.265	4.274	4.879	5.559	6.563	5.32	5.238	4.79	6.969	6.404	5.243	3.942	4.548	5.918	4.617	6.231	5.7	5.631	5.992	5.837	4.483	5.013	7.678	4.131	4.864	6.404	5.179	4.526	4.015	5.874	6.358	6.738	5.392	6.383	4.305	5.506	4.661	5.512	6.089	6.408	4.348	6.606	4.864	4.313	5.168	3.876	5.343	5.628	5.138	5.875	5.024	5.342	3.898	5.381	4.487	4.889	5.245	5.529	5.901	4.475	6.161	5.544	6.197	6.324	6.682	6.063	6.142	5.253	6.004	4.532	5.187	6.184	5.381	5.88	4.375	6.804	4.856	5.83	5.411	6.368	5.05	4.431	3.532	5.126	4.237	5.969	6.878	3.203	4.141	5.743	6.671	5.74	5.758	5.94	6.01	7.082	6.047	4.189	4.959	5.644	4.619	5.171	4.905	4.73	6.129	5.042	4.336	4.715	5.471	7.554	5.693	6.924	5.93	3.274	5.813	4.576	4.072	4.35
BG033	3.157	3.24	4.502	5.278	5.164	5.697	6.105	5.3	4.784	3.772	3.858	4.337	5.071	5.025	4.808	4.651	5.434	5.012	5.102	5.112	4.258	3.773	5.295	5.221	4.584	4.388	7.082	4.045	4.586	5.069	3.65	4.921	6.602	5.738	5.436	5.396	4.916	5.762	4.648	4.381	4.906	5.71	5.134	5.478	2.78	5.997	7.145	6.139	4.486	3.955	5.081	3.817	5.53	4.279	5.765	6.166	2.772	5.097	4.106	3.394	6.696	3.311	4.275	6.063	5.566	3.177	4.786	4.378	4.701	5.654	4.317	4.575	6.366	3.042	4.522	5.369	3.642	4.261	3.573	5.053	4.268	5.688	5.924	4.942	4.513	5.158	4.953	3.669	5.974	5.122	5.689	3.523	5.778	7.017	5.515	3.433	4.931	4.835	5.114	4.658	5.393	4.425	5.125	4.199	4.993	5.897	4.398	5.565	3.998	4.517	4.654	6.149	4.119	6.121	3.413	4.732	5.812	5.593	3.872	3.656
BG034	5.358	5.757	7.009	4.454	7.027	7.994	6.573	6.522	5.962	4.801	6.511	6.36	6.707	8.545	6.704	6.401	7.538	4.631	4.833	5.601	5.321	6.67	5.658	7.716	7.496	6.746	5.59	6.593	6.787	4.909	6.325	6.682	6.192	7.547	7.19	5.15	6.1	5.14	6.555	5.109	6.899	6.364	6.947	5.831	4.519	7.742	5.803	7.352	6.406	6.65	7.805	6.316	7.376	4.491	6.847	5.734	5.842	5.984	6.322	7.633	6.948	4.788	6.647	5.536	6.05	8.399	7.627	6.909	4.67	6.384	6.114	5.959	7.411	4.323	6.381	6.187	5.301	7.805	4.778	6.087	6.14	3.842	4.612	5.078	6.855	7.014	6.659	6.3	3.833	6.276	5.537	7.242	7.419	8.32	6.774	6.881	5.012	6.136	4.805	6.963	4.846	5.838	5.224	5.579	6.517	5.483	6.277	5.037	7.468	5.4	7.079	8.219	3.582	5.047	5.843	7.238	5.56	6.436	5.311	6.622
BG035	2.723	4.621	3.86	5.742	4.154	5.033	4.179	5.245	5.591	4.179	4.626	3.156	4.882	5.433	4.021	5.697	2.503	2.725	3.188	4.092	4.595	4.498	4.51	5.3	4.105	3.313	3.333	6.689	2.225	4.4	6.035	5.06	3.747	4.579	5.441	5.785	3.677	5.337	4.829	5.681	5.967	4.233	3.127	4.972	6.353	5.262	4.807	6.978	3.537	5.48	4.006	4.626	4.666	6.091	3.641	4.042	2.984	5.064	4.118	4.999	3.42	5.501	1.615	2.731	6.498	4.826	3.741	6.889	5.718	5.797	4.22	5.282	5.165	2.963	5.253	4.461	5.958	5.978	3.994	4.033	4.843	5.315	4.229	4.531	5.27	5.079	5.833	4.89	3.742	2.847	5.474	4.306	4.291	4.35	3.04	4.246	1.986	4.234	3.73	6.524	5.102	4.426	4.811	5.39	3.87	4.409	4.281	7.188	4.718	2.629	5.46	7.294	3.663	8.21	4.578	5.669	4.064	4.365	3.378	3.557
BG036	5.122	5.836	7.234	6.021	6.821	6.723	5.842	4.635	7.18	6.366	7.178	4.182	4.54	4.052	5.318	7.237	6.761	6.161	6.326	6.956	5.893	6.591	6.335	4.008	5.81	7.554	5.799	6.052	5.588	5.71	7.319	5.927	5.173	3.084	5.622	4.228	4.371	6.99	6.904	4.278	7.047	6.654	5.411	6.929	4.568	4.991	4.755	5.084	7.074	4.861	5.044	5.243	6.391	5.855	7.057	5.484	4.906	5.691	6.23	5.261	4.059	7.435	5.08	6.64	6.598	5.592	6.308	6.161	5.749	6.309	6.31	5.208	4.924	5.384	6.382	7.681	7.77	6.58	7.232	6.383	7.394	6.387	6.66	5.962	6.249	8.212	5.018	6.257	5.644	7.245	8.128	5.932	3.391	6.889	6.889	4.513	6.003	6.183	3.862	6.95	6.706	6.499	5.154	5.514	5.595	6.746	5.232	7.765	6.641	3.993	7.993	6.413	5.678	6.354	4.354	6.444	3.697	5.185	7.652	7.555
BG037	7.035	8.572	6.173	6.797	8.104	6.103	5.903	5.656	7.146	7.262	6.598	6.788	8.018	7.611	5.341	6.732	6.845	7.459	6.515	6.092	6.278	4.957	6.709	6.137	7.199	5.706	6.295	5.752	5.664	7.428	6.263	7.171	5.607	6.823	5.036	6.246	6.221	7.305	6.902	6.546	7.558	6.911	7.257	7.485	6.652	6.425	7.045	6.301	7.104	7.824	7.57	6.335	5.433	6.66	6.59	7.82	6.333	6.506	7.449	6.238	6.457	5.808	7.779	6.758	7.03	7.461	5.692	7.633	4.611	8.329	5.176	6.155	6.112	7.564	7.582	7.18	7.37	7.293	6.729	4.815	4.404	4.408	6.753	6.566	6.657	7.036	6.556	5.76	5.235	4.822	8.068	7.746	5.387	6.513	7.258	8.461	6.17	6.98	8.005	4.984	6.031	6.755	6.043	9.002	7.701	7.0	5.792	7.7	7.455	6.256	6.34	5.266	6.712	7.697	7.838	7.398	7.653	6.177	6.3	8.049
BG038	8.108	9.978	9.754	8.896	8.535	7.3	8.824	8.325	8.487	7.749	8.255	8.083	8.582	9.692	8.628	6.612	7.298	6.686	7.475	8.824	8.666	7.668	8.532	7.511	6.848	6.863	7.409	9.684	6.928	9.506	9.59	8.083	8.216	7.653	8.24	8.921	8.273	9.259	9.448	8.606	8.59	8.202	8.608	7.151	8.667	8.467	7.402	10.41	7.292	7.395	8.54	6.328	7.472	6.74	7.297	8.129	8.58	9.363	9.065	9.443	8.815	7.514	8.866	9.21	9.081	8.455	7.804	8.759	10.111	8.495	7.644	8.695	7.055	8.58	8.029	9.34	8.448	9.435	10.739	8.113	7.469	8.819	8.248	8.487	7.711	8.918	8.411	6.088	8.092	8.685	9.565	7.736	7.502	9.534	7.703	8.446	8.829	9.104	8.345	7.18	9.388	7.885	7.794	10.422	9.25	7.234	7.835	8.08	7.557	6.343	9.169	9.141	8.588	7.918	8.555	8.997	7.252	7.989	7.754	9.057
BG039	9.736	8.681	10.262	8.661	8.535	10.675	9.935	9.367	9.899	10.025	7.787	9.054	7.97	9.269	8.477	10.504	9.665	8.336	9.128	7.937	9.187	9.693	9.41	7.219	8.811	9.655	9.452	10.304	7.862	9.669	8.495	9.341	9.551	9.832	8.569	9.33	7.978	7.735	9.7	9.091	7.527	8.295	9.164	10.699	10.189	9.942	7.36	9.047	9.621	9.538	9.56	8.911	10.901	10.62	9.05	8.164	11.197	8.591	10.34	11.052	9.494	7.874	8.582	11.055	8.214	9.378	8.568	10.514	9.154	8.767	8.001	8.966	10.079	9.917	7.847	10.836	8.963	8.127	9.35	8.573	8.618	8.562	9.123	8.698	7.445	9.757	8.676	10.454	9.769	9.853	9.403	10.556	8.875	8.186	9.571	6.399	8.832	9.436	8.783	10.513	9.938	9.33	8.799	10.345	8.51	8.782	9.984	9.827	11.315	8.988	7.268	9.892	10.51	9.04	10.821	11.05	8.522	8.713	7.916	9.77
BG040	3.31	4.543	3.905	4.767	4.573	6.198	4.843	4.244	5.378	3.981	3.887	6.491	3.432	3.764	4.296	3.196	2.144	5.308	3.468	3.711	3.88	3.271	3.178	4.413	6.65	4.989	4.999	2.747	4.228	3.069	5.024	4.024	4.29	4.164	3.669	2.731	4.832	2.869	3.071	3.954	3.546	4.514	5.262	4.501	4.449	4.275	5.11	2.406	4.619	3.319	3.019	4.257	3.865	4.835	5.353	1.926	4.18	6.21	5.12	5.698	5.06	4.943	3.044	3.529	2.839	2.653	2.926	2.684	4.128	4.753	4.961	4.294	3.622	4.304	4.902	4.009	4.369	3.998	3.773	4.349	3.162	5.397	2.702	4.788	2.909	5.869	5.208	3.476	3.849	3.15	4.252	4.735	6.944	2.904	5.589	3.712	4.595	5.216	4.871	4.746	4.108	4.302	4.468	5.545	2.8	3.805	3.028	3.319	3.49	5.441	6.517	5.705	3.092	4.388	3.143	4.769	5.618	4.915	5.206	4.159
BG041	9.779	8.242	8.553	10.389	10.636	8.946	9.409	9.939	7.927	9.328	11.296	11.863	9.569	11.509	9.153	8.867	7.44	10.635	9.304	12.018	10.01	9.867	7.872	11.178	9.316	9.517	7.472	10.605	10.668	9.073	9.772	10.072	10.642	9.784	11.402	9.437	9.074	9.213	7.142	8.873	10.687	9.945	8.862	10.031	7.663	9.397	10.207	10.38	8.907	10.595	11.552	9.255	10.423	8.125	7.72	10.295	9.726	9.883	9.1	9.39	7.712	7.699	9.635	10.327	11.042	9.378	9.813	9.999	10.829	9.664	8.611	10.849	10.159	10.129	8.429	9.729	7.97	7.674	9.493	9.289	10.319	11.217	9.701	11.573	9.132	10.52	8.434	9.866	9.411	9.522	10.341	7.8	9.855	8.902	9.856	10.14	9.355	9.354	8.553	10.3	9.046	10.192	8.273	11.14	8.688	10.924	9.276	10.296	9.589	10.433	9.741	11.039	10.425	10.435	11.449	9.021	11.071	9.81	8.219	10.227
BG042	9.079	9.986	8.052	6.617	9.543	8.871	8.951	8.451	10.593	8.345	8.784	6.415	7.69	7.582	8.239	8.618	7.52	10.001	7.204	7.819	8.508	7.018	8.84	8.903	7.977	10.179	8.351	8.551	7.309	6.594	7.638	7.948	7.814	9.039	5.882	7.135	6.442	9.612	7.704	7.754	7.167	9.17	7.858	8.492	6.234	9.442	8.665	8.822	9.508	8.077	8.103	8.989	8.698	8.026	8.315	7.766	8.987	9.206	8.277	10.153	8.111	10.051	7.816	8.371	8.561	6.366	8.842	7.301	9.764	10.029	8.312	6.695	8.507	8.501	9.059	8.017	7.1	8.175	7.371	10.138	7.595	7.652	8.272	7.049	7.863	8.182	7.819	8.063	9.593	8.765	6.949	7.88	9.086	7.653	8.404	8.291	8.862	8.137	8.176	7.44	8.689	7.369	10.097	8.3	8.091	9.128	8.234	8.411	8.267	7.577	7.376	7.604	9.48	7.677	7.905	7.86	9.035	10.35	7.373	8.883
BG043	8.343	9.65	11.598	9.462	8.281	11.282	10.431	8.688	10.661	8.86	8.541	9.732	9.403	8.785	9.518	8.878	9.945	9.862	10.632	9.429	8.55	8.563	9.639	11.425	10.736	9.242	10.83	8.723	10.901	9.502	10.656	10.51	9.608	10.214	8.816	9.812	10.972	13.994	10.591	9.974	8.871	10.948	8.225	9.081	10.245	8.677	11.431	10.982	9.316	9.329	8.564	8.482	10.33	10.512	10.239	10.153	9.324	10.248	8.41	9.895	10.055	9.622	10.45	8.631	10.785	10.159	8.911	11.565	10.804	11.123	8.443	9.655	9.397	10.574	11.319	7.982	9.953	9.804	10.955	9.891	8.631	9.734	8.872	9.137	9.976	9.441	10.218	8.38	12.307	11.223	10.667	8.61	7.725	9.05	9.695	12.214	11.268	9.395	11.168	11.184	9.949	11.177	10.27	9.263	8.731	9.807	10.953	8.547	8.285	10.495	7.154	11.796	9.483	10.682	11.834	8.449	8.858	12.225	9.642	9.802
BG044	6.145	5.994	4.202	4.331	6.049	6.46	3.165	4.239	4.902	5.89	3.826	5.312	4.365	7.051	5.099	4.532	4.331	5.727	5.349	3.58	4.885	3.323	3.909	3.368	3.336	3.978	3.684	5.198	5.468	4.428	3.544	5.475	2.635	2.728	5.398	5.327	5.646	4.451	3.401	4.156	5.237	3.898	3.963	3.267	3.499	5.515	5.124	3.501	3.583	4.103	5.218	3.494	4.499	2.514	3.405	5.09	5.57	3.507	3.891	5.469	4.945	5.793	6.068	4.825	4.37	4.675	5.023	6.052	4.851	6.574	3.835	5.257	6.508	6.029	5.053	3.81	3.984	4.553	5.03	4.458	3.224	3.958	5.242	5.567	3.282	4.34	3.001	4.136	8.335	4.778	4.36	4.111	3.475	2.812	4.67	4.43	6.223	3.04	5.158	6.084	2.711	5.385	3.066	5.247	6.222	4.709	5.006	4.003	5.008	5.87	4.526	4.57	5.112	5.554	3.04	4.774	4.012	5.221	5.773	5.032
BG045	5.814	5.662	6.727	6.403	7.322	7.003	5.628	6.087	6.146	4.844	5.229	7.182	4.613	7.205	6.493	6.067	6.747	6.685	7.421	5.805	5.978	5.961	8.097	7.157	5.28	5.873	5.5	6.222	6.423	8.51	4.377	7.241	6.647	5.505	6.06	5.713	6.261	7.221	4.688	7.528	5.836	7.719	6.625	7.449	6.78	7.301	6.27	5.379	6.888	6.927	8.319	4.205	6.017	7.279	4.959	5.987	8.339	7.636	5.335	7.646	7.572	5.237	5.833	5.239	6.311	6.349	6.048	5.011	6.172	5.803	6.869	5.975	7.441	6.488	4.351	6.074	4.788	7.242	7.718	6.224	6.705	4.772	3.95	5.683	5.99	4.703	6.344	6.571	6.91	7.837	7.08	5.877	6.359	6.867	5.182	7.61	7.175	6.021	5.6	10.146	7.113	7.215	8.093	7.257	6.469	6.974	5.319	6.986	4.679	6.688	6.825	4.659	8.22	5.079	7.327	5.716	6.577	5.585	8.81	7.316
BG046	8.167	7.76	7.363	7.22	6.11	6.464	7.717	7.124	8.836	6.649	4.578	6.649	7.262	7.367	7.052	6.16	8.482	6.32	7.697	6.698	5.787	8.401	4.473	6.134	7.42	6.63	7.739	6.888	6.535	9.152	6.769	6.831	5.906	6.242	7.64	7.555	6.993	6.291	7.679	5.288	6.651	6.741	6.147	7.147	6.327	6.192	8.799	7.738	8.197	7.049	7.964	7.78	8.213	9.369	6.774	7.261	6.951	3.487	5.607	7.023	8.877	7.827	7.739	7.181	6.783	7.651	7.194	6.875	5.621	6.717	7.651	6.55	7.389	6.888	5.977	6.109	6.276	6.738	6.767	8.182	5.924	4.941	7.739	6.57	6.915	9.651	8.539	7.642	8.009	7.162	8.023	6.414	6.31	6.562	8.661	8.638	6.42	8.233	6.879	8.145	6.718	8.025	6.93	6.75	7.022	7.208	6.449	5.642	8.785	6.643	5.182	4.719	4.171	6.419	8.443	5.372	6.719	5.162	8.182	7.425
BG047	9.108	7.899	9.611	9.76	8.063	9.901	10.229	8.942	7.497	9.947	8.316	8.102	8.597	7.943	9.554	9.259	9.701	9.064	7.689	8.324	9.359	8.076	11.403	8.241	7.897	9.632	9.231	8.455	8.253	8.91	9.319	9.246	8.182	8.915	9.327	9.248	5.397	7.593	7.707	8.253	8.662	9.405	9.101	8.356	8.506	10.242	7.871	8.788	10.049	8.829	6.44	8.858	8.096	8.37	9.534	8.953	8.219	9.375	8.919	8.588	8.851	9.908	10.211	9.579	7.927	7.16	7.449	6.72	10.378	8.327	8.655	8.725	10.599	7.944	9.739	8.836	8.367	6.55	9.47	7.759	8.052	8.757	8.622	9.681	7.835	8.694	8.812	8.552	9.225	8.264	9.766	7.795	7.045	8.484	9.741	7.995	7.88	8.17	8.696	8.345	8.846	6.757	10.069	9.126	7.64	9.939	8.989	10.041	7.315	10.234	8.573	6.408	9.301	8.215	7.483	8.305	6.526	9.127	8.304	8.248
BG048	6.167	6.119	5.527	5.407	5.891	4.912	4.607	7.167	5.626	5.842	5.731	5.89	5.889	5.931	5.061	6.798	5.174	6.901	3.947	4.805	6.858	5.718	5.195	6.241	4.821	5.943	3.651	5.414	5.216	6.406	6.742	5.012	7.475	5.274	3.81	3.486	7.405	5.779	5.219	5.118	4.774	7.218	5.782	7.656	5.667	3.516	6.711	5.498	5.629	7.433	5.603	7.028	5.861	5.114	6.374	5.266	7.094	6.826	5.929	6.476	7.365	5.945	5.228	4.93	5.846	7.005	5.31	4.84	6.859	5.97	5.883	8.056	4.659	6.114	4.08	5.599	6.514	7.067	4.6	6.769	6.715	5.781	8.443	5.909	5.001	6.347	3.991	7.515	6.926	5.497	6.541	6.46	7.9	5.274	4.579	3.814	5.604	4.293	5.729	6.33	5.453	4.935	7.135	5.702	6.147	6.888	4.564	4.958	8.48	5.745	4.834	5.645	5.317	4.642	5.486	5.887	5.893	6.461	4.123	4.367
BG049	7.264	6.424	7.595	6.472	7.316	5.749	6.801	7.116	5.911	6.285	6.168	7.43	5.983	7.141	8.228	7.061	5.093	6.83	7.746	6.419	7.815	7.324	7.128	6.446	6.195	6.451	6.771	7.231	7.129	6.408	6.775	7.098	5.085	5.942	5.912	6.507	6.436	6.454	5.84	7.385	6.991	5.071	6.727	5.588	8.416	6.259	6.321	6.799	6.515	6.657	8.263	6.942	7.551	7.843	5.742	8.406	7.405	7.674	5.853	7.534	7.553	6.284	7.993	7.053	5.289	7.293	5.699	7.008	8.006	8.915	6.669	7.459	7.05	7.555	4.116	6.341	7.04	7.224	5.966	7.589	7.876	6.813	6.507	6.374	6.884	7.954	8.283	6.258	5.785	5.926	7.753	6.969	7.048	7.236	7.127	6.615	5.672	6.107	6.866	7.144	6.362	6.315	8.145	6.262	6.969	6.415	5.86	5.185	6.19	5.899	7.611	5.564	6.318	7.412	6.626	7.248	7.597	5.042	6.319	5.758
BG050	6.088	5.138	7.958	6.242	5.436	5.869	6.586	6.806	6.257	6.893	7.146	4.441	5.191	4.737	5.774	7.12	6.33	4.631	5.383	6.705	5.145	5.58	5.981	3.855	6.457	6.019	6.245	4.698	4.909	5.08	5.928	5.747	5.805	7.469	6.982	4.958	5.023	7.393	5.36	7.056	7.276	5.135	5.407	5.76	4.813	4.699	5.276	6.53	5.229	5.471	5.212	4.312	7.161	3.335	5.023	6.236	4.281	6.282	6.929	4.817	7.079	5.578	6.207	7.436	5.335	5.775	6.116	5.425	6.981	6.534	6.722	5.748	5.348	5.336	5.326	4.022	6.068	6.527	5.687	5.192	5.735	5.927	6.031	7.528	4.826	6.068	6.399	5.776	5.458	4.655	5.093	6.414	7.173	5.03	6.175	6.224	6.72	5.944	6.145	6.604	4.515	5.743	3.906	3.697	4.861	4.135	6.209	6.701	5.386	5.554	5.458	5.43	5.831	6.049	5.227	4.899	5.168	6.503	5.269	7.159
BG051	6.924	5.604	7.222	6.803	6.93	8.081	7.186	8.06	7.349	5.515	6.976	7.204	5.269	8.048	6.782	7.082	5.818	6.787	7.014	6.388	6.795	4.595	8.076	5.6	4.532	5.754	5.879	7.258	5.8	6.998	5.754	8.921	7.259	8.67	5.699	7.377	5.757	7.291	7.391	5.118	5.576	5.546	5.208	5.98	5.751	5.266	6.808	7.256	5.395	6.153	6.717	6.477	6.008	7.519	7.555	7.388	6.499	8.694	8.448	6.305	6.487	8.112	5.526	6.03	7.213	7.224	6.572	8.788	6.803	7.022	6.156	8.399	7.593	7.146	5.081	7.095	6.26	7.125	7.649	5.975	6.948	7.613	6.893	6.398	5.663	6.056	5.452	7.721	6.833	5.507	6.723	5.431	3.427	7.941	7.904	5.246	6.006	6.934	6.342	5.868	6.211	6.485	6.172	6.938	6.494	5.963	6.75	5.059	8.175	4.981	6.642	7.066	7.14	6.986	7.991	5.597	6.655	6.871	6.227	6.129
BG052	6.951	8.26	6.272	7.47	7.117	6.367	6.839	5.499	6.527	5.075	9.35	8.575	8.298	7.371	8.067	8.341	8.084	7.986	6.155	7.496	6.532	5.886	5.925	7.494	8.119	5.697	8.811	8.534	6.684	6.601	6.991	8.045	6.68	5.957	7.406	4.997	7.203	8.221	7.367	7.841	7.555	7.788	7.206	6.231	6.836	6.987	8.319	8.686	7.48	6.307	6.33	6.872	8.449	7.394	7.005	6.295	7.942	7.349	7.009	7.163	8.377	6.375	6.609	6.811	6.875	7.25	6.88	7.461	7.222	7.567	8.456	6.242	8.736	6.637	7.751	7.246	6.789	5.125	8.695	6.329	6.298	8.145	7.159	8.982	8.763	7.791	7.335	7.844	5.77	7.254	7.23	6.613	7.336	5.627	7.982	8.366	5.792	7.227	8.622	7.499	6.055	6.099	7.931	8.907	6.001	7.119	6.309	6.798	7.388	7.039	6.399	9.173	6.923	6.9	8.183	7.092	6.879	8.023	6.053	7.823
BG053	9.077	7.23	9.079	8.632	7.443	8.274	7.266	6.562	7.122	6.483	7.902	7.405	7.958	8.217	4.27	7.702	5.588	7.557	6.513	7.494	8.756	5.682	7.581	7.312	5.498	8.038	7.424	6.881	6.668	10.603	6.996	5.59	6.459	7.024	7.006	7.311	6.343	7.932	6.906	6.029	6.575	7.006	8.239	7.875	7.052	7.41	7.605	9.429	6.773	7.857	8.117	6.437	7.579	7.554	6.92	7.958	8.419	8.52	7.198	7.58	8.433	8.068	7.233	7.402	5.706	7.281	7.697	8.27	7.551	7.024	6.578	7.364	7.543	8.609	7.418	6.913	7.303	6.931	7.177	5.223	5.832	6.226	7.87	7.331	7.554	8.559	6.377	8.54	7.789	6.702	8.881	5.997	6.293	7.202	7.809	7.219	5.296	7.113	7.324	9.923	8.765	7.529	6.329	7.745	6.255	7.608	7.769	7.011	7.654	7.081	6.843	8.922	7.981	7.103	6.649	7.582	7.966	8.247	8.861	7.862
BG054	10.576	7.122	8.447	9.115	8.375	8.881	8.398	8.979	9.508	8.004	8.423	8.17	7.822	8.206	7.093	8.97	9.928	9.93	9.501	7.261	9.745	7.51	8.172	10.071	7.153	9.066	8.506	8.073	7.349	8.648	7.761	9.27	9.449	6.846	7.72	7.906	7.043	7.107	8.314	8.017	6.573	7.687	8.744	7.019	7.302	9.813	9.542	6.604	6.874	8.602	7.034	7.972	7.774	8.785	5.696	6.023	6.999	9.239	8.071	6.517	7.136	10.245	9.387	9.061	9.56	6.771	7.872	7.736	9.415	7.075	7.922	9.738	8.879	7.86	10.095	6.928	8.686	8.015	8.743	7.967	7.414	8.449	6.94	8.762	7.923	9.148	7.797	7.575	8.632	9.455	6.195	8.355	8.855	6.836	7.369	8.871	7.422	7.608	9.93	7.307	7.385	5.955	7.157	7.023	9.926	9.435	6.989	10.173	8.995	8.058	9.032	8.611	7.481	6.501	7.338	8.229	7.883	7.505	9.195	7.185
BG055	5.944	6.159	5.205	5.12	5.889	6.66	5.603	5.984	5.403	5.07	4.535	5.707	5.151	5.207	6.381	5.939	6.321	3.875	6.009	4.861	4.643	4.599	6.662	6.279	4.734	4.313	5.465	4.991	7.11	3.99	3.621	5.195	5.462	5.584	6.204	7.524	5.109	4.907	3.692	5.694	6.304	5.19	6.632	5.481	6.966	5.784	4.394	4.814	3.917	3.714	5.718	6.321	7.405	5.396	5.214	4.342	6.438	5.84	4.856	6.139	6.338	4.984	5.567	4.355	5.451	4.688	3.739	5.44	5.408	6.276	5.739	4.459	4.854	3.009	4.354	6.737	6.952	6.21	5.756	6.037	5.938	3.748	4.597	6.626	6.621	5.694	5.151	5.077	4.921	4.543	3.556	5.604	5.011	5.245	7.149	6.041	4.763	6.03	3.971	6.495	5.717	5.265	6.021	6.894	4.998	4.48	7.545	5.472	6.933	4.788	5.83	4.822	6.082	5.182	4.793	6.99	5.791	3.448	5.222	4.547
BG056	8.344	5.913	8.526	7.919	7.391	7.366	9.531	9.319	9.609	6.634	7.128	8.688	6.574	7.063	5.979	9.636	8.846	8.241	8.002	7.366	7.385	8.399	7.071	9.01	7.29	6.909	9.081	7.639	8.338	7.368	5.533	8.33	6.436	8.865	6.232	5.918	8.091	8.208	7.89	6.569	8.671	6.318	7.319	6.995	7.405	8.636	7.149	8.347	8.477	6.072	6.616	7.4	7.191	8.091	5.851	8.504	8.528	7.615	6.4	7.789	6.581	7.209	7.314	7.82	7.001	5.942	7.256	8.658	6.433	8.399	8.241	7.342	8.092	7.043	7.389	6.773	8.247	9.145	7.112	8.973	5.667	6.906	6.78	9.494	7.198	8.559	5.749	7.898	8.347	7.747	5.077	7.96	8.591	9.098	8.18	6.104	7.576	8.683	6.969	8.346	7.307	7.876	8.538	7.078	10.637	7.935	8.125	7.045	7.845	7.516	6.328	6.256	8.069	7.696	5.158	5.642	7.475	7.714	8.39	6.545
BG057	4.003	5.108	4.455	5.269	4.108	5.983	2.236	3.525	5.032	3.03	5.277	3.324	4.634	3.626	4.1	4.716	4.436	4.16	6.694	4.549	3.571	5.468	5.362	5.764	6.328	3.602	5.6	5.68	4.541	4.786	1.538	3.967	6.329	2.754	4.005	4.829	5.116	6.172	2.778	4.584	5.401	3.227	4.501	6.426	5.857	5.08	1.927	4.411	4.927	4.232	4.475	7.624	4.326	3.571	4.784	4.225	4.231	4.454	5.315	4.778	5.132	4.234	4.034	4.399	5.526	5.098	5.43	3.853	4.257	3.379	3.988	4.144	4.075	5.254	4.966	5.3	4.669	5.613	4.655	5.506	5.044	5.276	4.474	3.302	3.096	6.498	4.929	4.984	4.374	4.082	7.413	3.421	4.478	4.49	3.41	3.269	3.838	4.197	4.055	5.354	3.362	4.946	6.009	5.434	3.402	1.588	5.386	5.038	3.955	5.822	4.136	4.649	3.503	4.86	4.111	4.037	5.621	4.755	3.045	5.232
BG058	6.465	7.534	8.141	7.199	8.815	8.443	6.675	7.986	9.65	9.226	7.61	8.564	6.992	6.218	8.221	7.913	8.18	7.642	7.992	7.153	8.14	8.499	7.608	8.48	5.895	6.88	9.111	9.428	7.917	7.563	6.398	8.03	8.445	6.184	8.225	8.157	8.107	6.539	8.208	6.168	9.155	7.801	6.503	9.011	8.82	7.016	9.87	6.662	7.98	8.849	5.396	8.668	7.602	7.651	6.589	7.998	6.556	6.698	7.219	6.439	8.503	6.834	7.273	7.72	7.417	7.79	8.316	7.174	9.747	6.954	7.127	9.635	10.051	7.704	7.479	6.593	8.809	7.839	6.82	8.072	9.037	8.352	9.874	8.826	8.107	7.633	8.216	8.884	8.525	8.721	7.889	8.433	8.881	7.501	6.37	9.392	8.25	7.227	7.9	7.419	5.961	7.483	6.242	7.869	7.557	8.8	7.546	8.04	7.368	7.286	6.269	8.657	7.837	7.083	7.875	7.252	6.942	7.916	8.881	7.397
BG059	8.327	5.426	5.999	6.438	6.758	7.547	7.573	6.451	6.37	6.789	7.576	7.452	6.238	4.695	8.897	7.706	7.018	7.095	6.233	5.753	6.422	6.532	6.129	5.297	6.442	7.331	6.259	6.776	4.683	6.547	6.632	5.528	5.025	7.166	5.945	7.243	6.334	7.377	6.415	5.248	6.668	6.426	7.412	6.304	6.361	7.614	7.921	7.514	7.792	7.208	7.525	7.632	7.158	6.817	6.896	9.159	6.768	6.517	6.39	6.721	5.33	6.14	8.552	5.943	7.942	6.515	7.494	6.648	5.177	6.342	8.866	6.623	7.319	6.418	6.622	7.077	7.228	8.974	6.739	6.575	6.093	5.442	5.146	7.419	4.894	8.162	7.615	6.461	5.602	6.784	6.778	7.883	6.015	6.379	6.704	6.48	6.133	5.043	5.118	6.082	6.533	7.756	9.067	8.471	7.153	8.636	6.642	6.231	9.071	5.691	6.343	6.495	8.217	6.164	7.539	6.351	5.535	6.994	6.926	5.603
BG060	5.053	3.678	2.829	5.104	3.203	5.068	4.95	5.962	6.479	5.177	4.255	3.634	4.017	4.849	2.74	4.884	4.797	5.454	4.475	4.911	4.073	4.345	3.036	4.933	6.358	4.972	5.175	3.827	6.24	4.042	5.611	4.916	3.85	5.836	4.825	4.988	5.261	4.788	4.43	5.275	4.404	4.874	4.141	3.319	4.136	4.314	4.824	5.994	3.12	4.938	2.597	3.763	4.302	2.556	2.951	4.963	4.887	4.695	4.005	6.963	3.948	4.02	5.777	5.275	5.052	5.304	4.338	5.291	4.209	3.482	4.111	5.025	4.904	5.872	3.127	4.595	5.209	3.853	5.064	4.406	3.686	5.936	3.427	5.816	4.402	3.876	3.932	4.079	3.969	5.085	2.949	6.056	5.651	6.204	3.834	2.5	4.193	4.649	5.12	4.299	4.733	4.967	3.269	6.623	3.696	5.081	5.896	4.036	4.822	6.451	4.538	5.864	5.111	5.048	5.537	4.589	4.611	5.782	5.082	5.318
