gene_id	CTRL01	CTRL02	CTRL03	CTRL04	CTRL05	CTRL06	CTRL07	CTRL08	CTRL09	CTRL10	CTRL11	CTRL12	CTRL13	CTRL14	CTRL15	CTRL16	CTRL17	CTRL18	CTRL19	CTRL20	CTRL21	CTRL22	CTRL23	CTRL24	CTRL25	CTRL26	CTRL27	CTRL28	CTRL29	CTRL30	CTRL31	CTRL32	CTRL33	CTRL34	CTRL35	CTRL36	CTRL37	CTRL38	CTRL39	CTRL40	CASE01	CASE02	CASE03	CASE04	CASE05	CASE06	CASE07	CASE08	CASE09	CASE10	CASE11	CASE12	CASE13	CASE14	CASE15	CASE16	CASE17	CASE18	CASE19	CASE20	CASE21	CASE22	CASE23	CASE24	CASE25	CASE26	CASE27	CASE28	CASE29	CASE30	CASE31	CASE32	CASE33	CASE34	CASE35	CASE36	CASE37	CASE38	CASE39	CASE40
GENE1	8.305	6.96	8.75	8.941	6.049	6.698	8.128	7.684	7.983	7.147	8.879	8.778	8.066	9.127	8.468	7.141	8.369	7.041	8.878	7.95	7.815	7.319	9.223	7.845	7.572	7.648	8.532	8.365	8.413	8.431	10.142	7.594	7.488	7.186	8.616	9.129	7.886	7.16	7.176	8.651	7.284	8.1	6.504	8.116	7.067	7.558	9.045	8.472	8.568	6.229	9.837	6.808	9.529	9.022	8.577	7.145	8.152	7.529	8.029	7.75	5.961	9.122	7.919	7.515	7.44	8.358	7.106	5.745	8.407	8.519	7.8	6.852	8.089	6.535	6.973	7.249	8.844	7.637	7.552	9.955
GENE2	8.598	7.301	8.385	8.948	6.295	6.923	8.495	7.813	8.281	7.262	8.917	8.975	7.424	8.875	8.216	6.948	8.212	7.789	8.413	8.377	7.1	7.241	9.171	8.116	7.925	8.029	8.327	8.127	8.745	8.304	9.371	7.14	7.138	7.484	8.616	9.317	7.711	7.313	7.531	8.451	8.352	8.339	7.63	7.404	5.814	8.969	8.448	7.821	7.863	8.736	6.445	7.41	6.864	9.772	8.876	5.797	6.486	7.868	7.528	6.676	9.945	8.313	8.475	7.308	8.722	7.62	7.717	8.611	6.371	9.597	8.182	9.281	6.925	7.077	6.838	8.25	8.066	7.536	6.986	6.733
GENE3	8.457	7.338	7.637	7.618	6.804	8.487	7.531	8.012	8.481	8.447	8.665	7.902	7.577	7.92	6.313	6.553	6.677	7.003	8.4	7.095	7.622	9.299	7.644	8.738	7.066	7.795	7.05	7.661	8.84	6.273	8.434	8.238	7.406	6.554	8.072	7.471	8.233	8.022	9.602	7.761	7.335	7.887	6.355	8.779	7.124	8.155	8.708	8.532	8.487	5.666	10.276	6.868	9.701	8.592	8.448	6.853	8.675	7.712	8.186	8.367	6.669	9.343	7.307	7.26	7.058	8.64	7.27	5.364	8.284	7.816	7.797	6.245	8.311	6.847	7.907	7.694	8.575	8.03	6.988	9.34
GENE4	6.977	8.179	8.22	9.359	8.835	8.357	9.463	6.811	7.36	7.073	7.61	6.623	8.635	7.778	6.529	6.984	8.314	8.838	9.997	10.914	8.414	7.01	5.868	8.268	7.187	7.585	7.388	7.859	9.066	8.157	7.841	6.964	6.325	7.514	7.946	9.768	8.13	8.983	7.501	6.815	8.333	5.842	7.963	6.98	8.101	6.922	8.424	8.019	9.4	8.007	7.231	7.753	6.656	8.406	8.59	10.469	7.378	7.732	7.424	8.212	8.382	7.947	9.086	7.383	8.986	8.538	7.988	7.685	10.427	7.183	8.298	7.25	9.786	8.887	7.322	8.513	8.258	7.483	8.758	8.389
GENE5	6.658	7.845	9.126	8.865	9.117	7.928	9.723	7.098	7.356	7.148	7.364	6.955	8.373	7.266	6.119	7.161	8.97	8.824	9.745	10.747	8.942	7.205	5.902	8.723	7.455	8.296	7.529	7.34	8.363	8.861	8.609	6.99	6.326	8.199	7.469	9.201	8.398	8.712	7.548	6.862	7.794	9.924	8.221	9.018	7.935	8.691	8.356	7.525	6.926	7.854	9.459	7.828	8.889	7.212	7.61	5.179	8.351	7.303	8.623	7.591	7.008	8.521	6.452	8.903	6.807	8.213	8.338	7.844	5.416	8.999	7.617	8.601	6.947	6.876	8.65	7.955	8.121	8.395	7.192	6.892
GENE6	8.338	9.407	8.091	8.644	5.95	7.951	7.157	6.781	7.122	7.666	8.916	6.674	8.031	7.516	7.672	9.003	8.538	9.337	7.845	7.304	7.776	8.242	8.177	6.916	8.09	8.228	10.517	9.877	7.147	7.713	6.537	7.409	8.316	9.206	7.271	7.346	5.853	7.837	6.938	7.471	6.944	8.318	7.862	8.075	9.039	6.813	7.764	8.189	7.296	9.431	8.909	8.29	9.794	6.501	7.992	8.366	7.085	8.301	6.893	8.691	9.058	8.272	6.147	7.033	8.565	8.021	5.306	9.243	8.137	7.181	8.995	7.322	7.312	8.358	9.781	9.624	8.36	8.462	8.791	6.743
GENE7	7.922	9.226	7.315	7.94	7.083	7.395	6.763	7.704	8.476	7.189	8.664	6.955	8.781	7.134	7.598	9.241	8.674	9.04	7.803	6.774	7.695	8.102	8.26	6.782	8.287	8.647	10.333	9.842	7.255	7.741	6.368	7.606	8.242	9.998	8.03	7.579	5.735	7.369	7.563	7.638	7.33	7.967	8.015	7.968	9.154	6.983	6.448	8.248	7.646	9.483	8.773	8.977	9.751	6.842	8.448	8.488	6.785	7.208	6.796	8.953	8.798	8.594	6.397	7.691	8.38	8.223	5.796	9.773	7.379	7.063	9.265	8.064	7.485	8.195	9.933	9.84	8.167	8.56	9.227	7.693
GENE8	6.48	4.255	6.927	6.454	4.89	5.528	6.264	6.052	5.708	5.897	5.748	6.153	7.471	3.433	5.763	6.177	6.296	5.628	4.243	6.328	7.727	4.466	6.864	5.671	5.939	4.947	5.666	7.3	6.583	7.732	7.177	6.439	7.744	6.439	6.828	5.703	6.067	5.303	6.99	4.822	8.743	8.044	7.946	8.557	7.884	8.19	6.942	9.297	6.86	7.568	8.098	9.991	7.577	7.334	7.449	9.659	5.188	6.997	10.731	8.591	6.894	7.958	8.067	8.846	9.84	8.389	7.46	8.787	7.302	6.967	6.24	6.435	7.104	6.822	8.313	6.801	4.856	6.956	7.528	7.395
BG001	8.696	7.723	9.085	8.665	9.734	8.645	6.342	7.847	6.742	7.396	9.425	8.551	7.215	6.9	7.947	6.697	7.243	8.226	9.069	8.523	5.623	8.218	7.986	8.328	9.53	5.851	7.323	8.505	6.332	9.39	8.282	8.76	7.343	8.728	8.982	8.147	8.148	8.184	7.05	7.766	9.433	7.3	8.795	7.895	7.871	7.078	7.855	7.149	8.084	7.678	6.969	8.906	8.341	7.466	8.059	7.83	7.046	7.984	7.293	6.969	6.291	7.555	8.481	7.219	10.435	8.799	9.218	8.709	9.767	7.127	5.353	7.468	8.472	8.065	8.189	9.235	8.296	8.713	6.974	6.818
BG002	4.11	4.646	5.262	3.204	4.138	5.744	3.519	3.44	4.465	5.107	4.274	5.592	5.119	5.104	4.817	6.59	4.057	2.259	5.867	3.805	4.371	5.572	2.66	3.011	2.661	3.469	4.702	4.787	4.539	2.85	1.953	4.317	3.791	4.722	4.965	4.401	5.023	4.492	4.793	3.558	5.877	4.364	3.639	3.641	3.614	3.554	2.98	2.762	4.068	3.67	5.37	4.556	4.528	3.52	4.142	4.624	4.979	4.169	5.342	4.271	5.055	3.773	2.45	4.531	4.988	4.838	4.685	3.914	3.456	4.814	4.689	3.702	5.372	3.38	3.679	5.899	5.131	3.905	4.55	4.417
BG003	3.941	4.317	4.941	3.726	4.641	3.854	4.003	4.95	2.127	2.824	2.638	1.787	3.442	4.87	3.835	4.318	5.209	5.448	4.051	5.474	4.212	3.283	3.526	2.64	3.232	3.762	4.924	5.841	2.738	4.513	3.08	4.595	3.989	2.289	5.048	3.515	3.586	3.05	3.466	4.548	1.375	3.214	4.069	3.764	4.367	5.25	3.799	3.063	4.445	3.794	3.964	3.828	6.362	1.879	3.732	4.116	3.339	5.02	4.933	4.072	3.85	4.008	4.015	4.042	3.932	4.373	4.873	2.89	3.07	2.372	4.987	4.371	4.625	2.691	5.905	3.511	4.288	4.975	3.133	3.574
BG004	8.846	9.364	9.397	10.356	8.692	7.558	10.102	8.704	10.15	9.419	8.904	9.384	10.986	11.112	9.105	9.195	10.112	8.19	9.368	9.009	9.349	8.202	7.446	6.962	7.918	8.577	8.742	10.973	10.141	8.073	9.383	8.628	8.751	9.221	9.654	8.696	10.099	7.893	9.042	11.633	9.214	11.893	9.336	10.642	10.241	9.403	8.046	10.095	7.537	10.636	9.235	6.385	8.695	9.689	8.798	9.75	8.185	7.729	8.964	9.067	8.687	10.263	8.185	9.348	9.103	7.479	7.716	9.047	11.016	9.615	7.31	5.925	9.768	8.939	10.177	8.155	9.385	9.881	8.588	8.609
BG005	7.746	8.956	7.614	8.104	7.466	7.352	6.743	7.953	6.671	8.188	8.608	7.889	7.237	7.977	7.214	8.458	5.691	7.187	5.532	6.028	8.887	8.418	6.803	6.02	4.558	6.979	9.943	7.958	6.963	7.988	5.962	7.226	7.622	7.437	8.314	7.868	8.191	6.834	8.421	9.152	7.548	8.066	7.509	8.497	7.061	6.194	9.5	6.918	6.954	7.457	7.59	7.136	7.505	7.483	7.698	5.165	9.404	7.376	8.103	6.145	7.052	6.851	8.993	6.937	8.281	6.872	7.07	7.277	8.807	5.633	6.207	5.576	6.435	6.711	5.908	6.789	5.508	6.505	8.723	7.926
BG006	4.378	4.461	6.684	5.157	6.752	4.906	6.803	5.48	5.606	6.913	4.986	4.407	4.9	5.801	3.782	5.986	4.809	6.496	2.954	4.562	3.662	4.522	5.596	5.169	5.095	5.189	5.552	4.34	6.055	6.011	5.733	5.905	5.645	7.383	5.261	5.041	4.595	4.316	4.104	4.459	5.536	4.345	3.812	4.209	5.305	6.216	6.251	5.979	4.611	5.373	5.027	5.147	7.385	3.586	5.114	6.56	3.882	4.704	4.819	5.125	3.752	5.944	6.015	5.857	4.478	5.435	4.449	5.016	7.502	5.444	4.161	5.529	3.996	4.149	4.307	4.904	6.285	5.927	5.871	4.249
BG007	8.44	8.845	8.562	7.745	9.411	9.25	8.351	7.858	9.059	8.699	7.063	8.443	8.773	7.611	8.701	7.056	9.847	9.759	8.258	8.874	6.101	7.354	8.217	7.439	9.225	10.508	7.334	7.673	8.746	10.122	7.288	8.76	10.332	6.859	7.23	8.087	7.99	9.323	8.752	6.736	7.969	8.783	7.882	8.232	8.952	8.162	8.737	10.103	8.339	9.69	9.07	7.044	7.409	7.677	7.656	8.42	9.125	9.766	8.819	8.065	6.429	8.581	8.537	8.694	10.617	9.751	9.296	7.549	7.998	8.416	7.735	9.011	8.868	7.422	9.708	8.613	6.782	8.459	8.792	9.484
BG008	6.098	5.005	6.857	4.955	4.946	6.123	6.345	6.03	3.897	6.12	4.548	5.817	4.158	6.028	4.776	4.3	6.296	5.824	4.968	7.033	5.142	5.614	5.851	4.962	6.053	5.049	5.171	6.945	4.542	3.169	7.193	8.131	5.177	3.645	5.272	5.296	5.392	4.469	6.162	6.107	5.245	6.41	5.769	4.267	4.167	6.705	6.778	5.905	7.078	6.639	6.266	4.671	7.314	6.118	5.196	4.914	5.839	3.911	6.282	4.629	5.953	5.061	5.318	4.825	5.421	7.472	6.967	5.937	5.557	6.426	6.712	4.752	5.505	3.76	6.705	7.647	5.662	3.457	6.191	4.678
BG009	5.025	7.219	8.573	6.692	6.183	6.378	7.135	4.789	6.684	6.129	8.368	6.346	8.188	5.416	7.107	6.839	5.651	6.697	7.732	6.196	4.828	6.502	5.617	6.178	6.438	4.814	4.904	7.002	5.997	3.955	7.305	6.792	5.806	5.203	7.356	6.869	8.902	6.94	6.908	6.353	5.857	7.146	6.774	6.032	5.87	6.646	6.11	5.411	6.187	6.859	6.342	5.106	7.509	3.781	6.074	5.9	6.668	7.082	7.647	5.807	7.106	6.716	4.808	8.42	5.081	6.939	6.91	6.796	6.025	7.347	4.959	6.454	5.956	5.843	6.949	7.597	6.177	7.301	6.57	5.627
BG010	7.523	7.331	7.958	6.185	6.271	6.227	7.497	8.205	6.247	6.281	7.02	6.46	7.658	4.454	5.879	5.924	4.386	5.743	5.791	6.505	7.819	6.461	5.675	6.649	7.755	5.73	5.796	7.265	6.485	7.354	6.693	7.408	5.671	6.694	6.495	5.49	5.143	7.392	6.355	5.684	6.448	6.407	6.01	7.135	6.941	5.116	5.055	7.131	5.891	7.008	7.487	5.435	5.295	8.381	7.058	6.287	5.772	6.196	5.516	7.59	5.929	7.8	6.306	5.663	6.28	4.082	6.585	6.536	7.531	4.82	7.868	7.527	7.958	6.653	7.72	5.235	7.419	5.935	5.055	5.582
BG011	9.636	10.86	7.451	8.235	8.809	11.193	10.014	10.499	8.592	8.612	10.18	9.79	10.281	9.544	10.01	9.89	10.51	10.539	8.112	7.485	10.734	10.92	8.711	7.872	9.831	10.663	11.529	10.248	9.36	8.839	9.743	9.433	8.717	11.781	11.517	10.868	8.811	10.587	10.372	10.174	9.737	8.908	10.108	7.924	7.605	11.104	10.636	8.683	9.729	10.751	10.151	9.88	10.827	9.001	9.763	9.714	9.459	9.342	9.805	9.766	8.683	10.534	8.756	9.514	9.437	10.09	7.613	10.623	9.055	10.952	9.254	9.683	11.646	9.455	10.971	9.771	10.147	9.802	10.58	9.046
BG012	10.601	9.987	10.091	9.988	9.692	7.568	9.435	8.795	8.072	11.033	11.08	10.711	9.607	10.702	9.363	9.554	8.258	9.748	9.412	8.049	9.3	9.272	11.149	10.246	9.363	9.6	9.396	9.148	8.269	9.2	8.605	8.101	9.863	9.743	7.565	9.229	10.347	10.411	10.377	9.39	8.367	8.713	9.451	9.131	10.062	10.656	8.376	8.617	7.915	11.382	9.656	9.831	8.011	9.35	9.861	9.099	10.427	11.663	8.404	8.329	8.474	10.958	10.394	9.216	9.388	8.535	10.241	8.972	9.091	9.96	9.163	9.116	9.362	10.147	10.998	9.937	10.155	9.152	8.644	10.005
BG013	4.827	4.588	6.016	6.051	6.959	6.772	5.54	4.428	5.353	5.889	5.47	5.094	5.925	5.168	5.044	5.983	5.27	5.916	5.945	4.532	5.191	7.11	4.51	3.555	3.81	5.701	5.703	5.554	6.886	2.999	6.068	7.233	4.544	5.292	4.919	4.777	5.346	7.099	7.509	5.336	5.843	4.249	5.344	5.589	5.161	7.154	6.152	7.045	5.935	5.753	4.735	5.684	5.685	4.305	5.132	5.349	6.085	6.133	5.09	6.141	5.49	2.802	5.187	6.751	3.99	5.784	7.257	4.911	5.674	4.368	7.299	5.588	5.718	7.026	6.333	4.796	5.025	6.167	5.048	3.555
BG014	7.576	5.707	7.425	5.578	5.802	6.037	8.85	6.522	4.964	6.64	5.309	5.181	6.58	5.702	5.95	5.685	6.008	6.096	3.734	6.338	4.689	4.229	5.613	5.755	4.978	6.502	4.329	5.264	5.086	5.625	5.95	4.663	6.395	5.734	3.779	3.713	5.659	5.45	5.568	5.643	5.618	4.191	7.287	5.848	4.766	4.973	3.782	4.572	6.688	7.903	6.398	5.579	5.239	4.715	7.731	5.482	7.787	7.065	3.93	5.005	5.002	5.591	5.611	8.667	4.594	5.9	6.288	5.67	5.781	4.626	5.778	6.183	5.999	6.241	7.084	6.608	5.743	4.499	5.071	5.452
BG015	6.758	7.48	5.421	5.36	5.439	6.821	7.777	6.101	4.03	4.828	5.699	5.974	6.124	6.571	6.22	7.581	5.856	5.67	7.011	4.996	6.922	6.635	6.385	8.12	5.91	8.592	6.307	5.255	6.602	5.456	5.78	6.929	7.088	5.91	7.519	7.69	7.968	7.061	7.895	4.651	6.784	6.054	5.596	5.344	4.881	6.297	5.062	5.531	6.138	5.196	6.912	7.272	5.983	6.095	7.069	5.818	5.749	7.728	7.416	7.134	7.458	4.555	7.886	6.924	7.543	6.919	6.581	6.257	6.899	6.22	7.4	4.946	5.99	8.577	5.906	6.293	5.649	6.868	5.796	6.346
BG016	3.707	3.157	4.144	3.453	3.858	5.907	3.855	4.438	3.792	4.1	4.03	4.473	5.19	5.672	4.334	4.614	2.874	3.937	4.965	4.89	4.236	4.911	4.515	5.225	4.314	3.669	4.36	1.094	4.407	0.376	2.301	4.476	4.502	2.862	3.312	5.395	3.54	6.267	4.023	4.433	4.873	3.326	4.813	4.847	5.079	4.165	7.266	5.079	4.349	3.149	3.927	5.451	5.734	5.503	4.81	2.769	4.512	2.783	2.537	4.264	4.548	4.928	4.522	4.556	3.04	3.919	2.517	2.021	4.765	3.271	4.897	5.133	3.405	4.615	3.363	2.179	4.148	3.554	3.584	6.0
BG017	7.47	5.985	4.851	5.744	5.818	4.489	5.598	5.111	6.778	5.888	5.571	5.747	6.077	6.47	4.854	4.812	6.958	5.441	4.437	6.297	6.317	4.323	6.083	6.589	6.228	6.486	4.449	6.185	5.551	5.371	6.724	7.333	7.648	7.168	5.744	6.206	6.62	5.975	5.984	6.677	4.328	6.236	4.859	6.762	6.152	6.233	4.909	5.088	6.781	7.624	6.334	4.956	6.192	8.281	5.956	7.315	5.113	5.811	6.473	6.251	5.087	5.044	6.842	7.045	7.366	7.657	5.988	5.542	7.205	6.567	4.871	4.82	6.345	5.676	5.827	6.926	6.613	7.183	3.922	6.107
BG018	9.651	8.981	9.296	10.344	9.714	10.051	10.381	9.336	10.467	10.089	8.476	11.153	9.21	8.055	8.665	8.689	9.763	9.437	9.374	10.33	10.05	10.027	10.12	10.327	7.603	9.346	7.53	9.747	9.706	10.756	10.898	9.913	9.21	10.196	9.183	9.709	10.697	9.153	10.516	10.388	10.405	8.184	9.056	8.87	9.732	11.338	11.733	8.896	10.237	10.269	10.098	10.11	10.014	11.398	10.813	8.65	10.506	10.603	10.025	10.842	9.899	9.911	9.832	7.692	9.63	9.042	8.524	11.145	10.215	9.681	9.146	10.007	10.702	8.884	9.706	10.579	7.775	9.653	9.281	9.577
BG019	8.074	10.003	9.728	9.131	8.267	8.17	8.492	9.572	8.074	9.467	7.787	8.825	9.139	11.474	7.652	10.501	9.179	9.44	9.148	9.474	8.876	10.483	8.573	10.161	8.385	8.969	7.957	9.484	10.474	8.952	8.832	7.915	8.8	7.436	8.116	9.256	10.348	11.838	8.443	10.465	8.528	9.167	10.953	8.705	9.321	11.024	8.479	10.844	9.035	10.811	9.779	9.336	8.964	8.405	9.105	9.927	9.016	8.713	8.778	10.022	10.254	8.362	8.361	9.409	10.557	10.175	7.777	8.765	8.099	8.762	10.634	7.607	7.41	8.201	9.317	9.65	9.467	10.205	7.266	10.218
BG020	7.455	7.06	7.643	7.273	7.321	6.802	5.813	5.667	7.864	6.934	6.615	7.219	8.006	7.391	6.555	8.437	8.79	7.705	8.184	8.453	8.341	7.825	7.809	7.73	6.113	7.911	5.855	6.416	8.514	8.051	8.698	6.939	6.059	6.97	7.313	7.29	8.344	6.849	7.563	6.222	6.899	7.942	5.887	7.216	7.447	8.367	5.626	7.242	6.126	7.716	7.988	8.498	6.676	8.138	8.572	5.568	7.823	8.169	6.952	6.0	8.154	6.011	7.032	7.171	7.926	6.584	6.526	7.31	8.217	9.498	5.703	7.526	6.124	8.23	6.272	6.536	6.621	7.135	7.534	7.694
BG021	7.363	6.916	6.163	6.677	6.729	6.643	8.684	6.814	6.669	4.815	6.019	6.65	6.227	8.295	6.748	8.201	6.975	6.95	6.824	6.917	8.632	4.593	4.911	6.37	6.927	7.603	7.386	6.529	7.932	7.943	7.097	7.876	7.186	6.351	7.611	7.024	6.914	8.386	4.462	5.495	6.907	5.583	7.641	6.86	8.075	6.205	5.311	6.879	8.209	7.074	6.713	6.043	8.671	5.883	6.188	7.483	5.057	8.188	7.537	7.812	7.471	6.752	5.85	6.773	5.938	7.399	7.72	8.39	7.285	7.838	6.616	6.435	7.387	6.526	7.182	5.852	6.031	7.548	7.8	5.927
BG022	8.484	9.307	9.416	8.163	8.686	8.81	12.128	11.473	9.259	9.307	8.522	7.763	9.554	8.673	9.586	8.071	8.909	9.819	10.037	10.088	8.35	10.525	8.871	10.304	9.66	8.294	9.355	10.036	10.284	9.53	11.203	10.678	9.414	10.421	11.605	11.631	8.443	8.744	11.156	8.612	10.341	9.138	9.687	11.088	10.478	10.467	11.58	8.967	8.685	8.949	9.416	7.316	9.463	9.126	10.455	10.023	9.07	10.261	10.394	8.902	9.178	7.445	8.58	8.928	9.745	8.725	9.157	8.445	9.842	10.096	10.073	9.683	8.13	9.051	9.263	9.267	9.746	11.096	10.483	8.683
BG023	6.237	7.073	7.979	7.457	6.908	6.885	6.847	6.68	9.841	7.857	8.446	7.07	7.373	6.845	4.907	6.181	5.748	5.309	6.364	8.884	7.515	8.85	7.97	8.342	6.658	8.083	8.288	6.982	8.119	8.125	7.009	6.436	6.375	7.646	7.886	6.767	7.586	8.13	8.177	9.111	8.237	8.199	6.753	8.408	7.399	6.149	8.014	7.776	7.331	7.522	6.84	8.169	7.516	7.725	7.916	6.404	6.665	5.349	8.124	6.347	7.692	7.93	8.161	6.355	7.494	9.229	9.273	8.546	7.897	6.554	8.278	7.401	8.12	6.926	7.386	7.723	7.805	8.053	6.98	6.216
BG024	10.934	8.656	11.341	9.126	10.702	9.725	9.245	7.85	9.486	8.098	10.625	11.174	8.86	9.959	8.932	9.029	10.432	9.619	11.397	9.175	10.657	9.755	10.453	9.21	9.608	9.542	8.821	10.319	10.307	10.251	11.194	11.107	9.282	10.03	9.034	9.681	9.057	11.277	10.021	9.439	11.282	12.146	10.105	8.333	8.884	10.166	10.998	8.444	9.533	9.853	10.522	9.314	8.093	10.278	10.782	9.575	10.062	9.183	8.811	10.684	10.045	10.148	11.159	8.602	9.105	9.815	9.093	10.44	9.47	8.665	9.723	9.828	10.592	10.05	10.118	9.977	9.469	8.941	9.946	9.324
BG025	11.181	7.817	7.973	10.783	10.048	10.238	8.661	9.964	11.991	10.811	10.157	9.548	9.593	7.858	10.245	10.833	8.412	9.326	8.83	9.022	10.041	7.903	10.602	10.741	9.736	7.507	8.991	11.22	7.209	9.64	8.807	10.792	9.312	10.391	10.553	11.824	9.784	10.363	8.502	11.178	11.677	11.329	10.62	10.366	9.899	8.726	9.771	10.089	10.217	10.457	10.909	9.295	9.304	11.438	10.758	9.597	9.88	9.885	10.019	10.46	12.522	10.177	10.65	8.301	9.502	11.216	10.39	5.598	10.661	11.905	7.991	11.507	7.215	10.925	9.979	7.637	10.433	11.138	10.351	10.572
BG026	3.442	3.642	4.18	2.64	4.431	5.17	4.496	2.614	4.079	4.945	2.325	3.128	5.079	4.473	4.615	6.062	4.671	4.86	6.913	3.989	3.405	4.63	4.642	3.676	3.17	6.512	4.529	3.47	5.119	4.093	3.95	4.765	2.911	4.555	6.116	4.669	3.826	3.695	3.792	3.949	3.791	2.341	4.894	5.952	5.332	2.215	2.688	3.357	2.61	4.247	4.596	2.772	4.98	4.804	3.654	4.03	2.253	3.87	4.21	4.371	4.581	4.447	3.938	4.489	5.205	4.107	4.52	4.016	3.556	4.725	3.647	4.589	4.231	3.899	3.874	3.694	2.557	4.585	4.434	5.052
BG027	4.334	5.628	2.978	5.573	4.332	5.088	3.584	6.04	5.957	5.671	3.197	5.54	5.116	3.106	4.687	5.076	5.267	4.889	5.003	6.185	5.937	1.844	4.394	4.547	2.959	4.806	5.96	3.625	5.048	3.796	4.039	6.189	4.169	5.174	2.84	6.574	5.314	4.529	5.287	3.302	4.18	6.607	4.332	3.836	3.718	2.977	6.244	6.082	5.312	3.815	6.523	4.36	4.442	6.149	5.37	6.912	4.96	4.314	4.1	2.864	4.433	5.856	5.31	4.732	3.716	4.938	5.724	5.142	4.878	3.914	5.579	1.579	5.094	7.282	3.203	4.47	4.703	4.249	5.748	5.184
BG028	9.75	8.243	8.363	8.076	7.987	9.262	8.823	9.219	8.558	9.08	8.148	10.797	6.999	9.828	9.935	7.715	10.796	9.563	9.538	8.595	8.35	8.358	8.958	9.968	8.749	7.656	9.392	9.488	9.222	9.313	8.296	7.638	7.699	6.932	8.804	8.484	8.127	5.612	7.32	9.688	8.719	9.364	8.584	11.747	8.719	8.762	6.857	8.024	9.715	7.232	6.41	8.6	9.938	8.61	8.231	6.709	9.019	9.228	6.785	9.702	9.333	9.7	9.151	9.221	9.088	9.436	6.748	7.066	7.831	8.437	8.955	8.892	9.684	9.716	7.695	8.806	7.719	8.379	8.889	5.158
BG029	4.092	5.117	3.366	6.196	4.613	5.047	7.083	6.273	4.45	4.164	4.431	5.267	4.652	4.362	6.224	4.643	7.056	4.848	6.542	5.114	5.72	4.032	3.903	5.217	5.745	4.797	3.47	3.397	3.33	2.989	4.866	5.882	4.743	2.496	4.566	4.594	6.853	3.3	4.366	6.463	7.168	5.323	4.161	6.684	4.409	4.889	4.27	6.409	4.652	4.906	5.961	5.342	4.702	5.867	7.295	5.074	4.874	4.927	6.067	4.158	4.479	3.219	3.573	4.239	4.701	6.526	5.293	3.845	4.029	6.132	5.883	4.785	4.314	5.882	3.763	5.149	7.029	4.962	3.981	5.167
BG030	6.501	6.614	6.166	6.381	6.829	5.242	6.929	4.678	6.379	6.23	5.435	6.028	5.429	4.979	5.697	4.947	6.374	4.901	6.763	4.87	5.485	5.426	7.376	6.381	5.839	6.55	3.944	6.008	8.049	6.183	6.119	6.599	6.947	4.054	4.369	6.261	5.336	7.363	5.736	4.117	5.581	4.657	6.752	7.169	5.74	5.674	5.089	5.901	5.489	5.04	7.943	6.518	6.623	6.934	6.822	5.638	6.324	5.782	6.49	6.393	5.668	4.722	6.197	5.847	4.161	6.559	7.016	8.579	5.66	5.512	4.942	6.26	6.253	5.24	5.876	4.072	6.977	5.28	6.016	4.624
BG031	4.532	3.05	5.566	5.612	5.376	6.879	6.999	5.63	3.665	6.417	6.355	6.11	6.782	4.635	7.809	4.841	6.549	4.113	4.87	7.316	5.539	6.64	6.037	5.695	7.164	5.563	4.019	4.997	6.351	6.196	4.233	5.076	5.218	5.435	4.424	5.172	5.072	6.572	6.609	5.654	5.218	5.521	5.789	6.28	7.239	6.533	6.762	7.246	6.37	5.763	6.809	6.873	6.449	4.345	4.959	5.525	6.58	5.779	6.937	7.115	6.999	7.006	4.763	6.283	5.193	4.151	5.513	7.125	6.261	7.818	5.977	8.248	5.978	5.823	4.521	6.911	5.298	5.153	7.081	6.958
BG032	6.914	7.446	6.49	6.159	6.366	6.671	6.143	7.468	8.036	5.719	7.331	7.086	7.648	7.293	5.853	6.044	7.336	8.335	5.092	7.652	8.496	7.153	7.856	6.603	7.187	5.685	4.962	8.249	6.321	6.851	5.92	5.896	7.132	6.577	7.684	7.759	7.627	7.545	8.884	6.239	8.438	6.944	7.255	7.246	8.089	8.86	7.674	9.281	8.203	7.071	8.135	9.012	9.305	8.493	7.332	7.09	7.882	8.98	7.74	7.761	7.358	6.978	7.144	7.442	9.024	7.067	7.359	6.441	8.023	8.673	8.931	7.51	7.881	7.153	7.834	7.62	7.365	7.444	7.758	7.012
BG033	4.249	5.436	5.568	2.882	3.991	5.662	4.812	4.499	4.086	3.92	4.592	4.051	4.261	4.382	3.626	4.836	7.218	2.527	4.628	3.544	4.881	4.35	5.066	5.479	4.496	5.436	1.959	5.894	4.679	5.382	3.084	3.473	4.45	4.287	4.587	5.388	2.538	5.278	4.312	4.1	4.061	6.011	7.014	3.099	3.044	3.347	4.2	5.199	4.895	4.476	4.833	3.612	4.06	4.284	2.72	3.142	3.182	5.068	4.549	4.915	2.464	2.82	4.967	1.525	5.528	2.48	5.147	3.415	5.353	7.512	2.031	4.999	2.496	4.73	4.097	4.434	3.392	5.084	2.855	5.545
BG034	5.235	7.209	4.292	7.354	5.214	6.759	6.587	7.875	6.527	6.012	6.199	7.979	7.242	6.32	6.469	5.139	7.094	4.946	7.458	6.834	9.093	5.606	6.603	8.504	7.897	6.01	6.93	6.708	6.988	6.007	6.617	5.108	6.841	7.156	6.478	5.091	7.694	7.07	5.98	6.425	6.297	5.303	8.301	6.638	8.613	7.927	5.908	6.621	6.827	8.232	7.143	6.882	6.506	6.655	8.01	6.71	6.311	6.141	6.152	5.304	5.955	8.204	6.499	7.41	4.227	7.274	6.544	6.224	6.887	6.21	4.582	7.628	6.949	6.392	5.74	5.236	6.93	8.319	6.909	5.323
BG035	5.832	6.307	6.795	8.561	6.693	7.973	6.794	7.58	7.191	8.206	6.798	5.76	5.951	6.801	6.083	7.743	6.867	9.707	5.595	7.536	6.205	6.839	7.474	5.007	7.569	9.235	6.879	7.592	8.357	7.169	6.752	5.057	7.973	7.219	6.32	7.459	6.749	6.804	7.939	5.994	7.558	7.279	8.197	7.939	4.347	7.878	6.329	5.911	7.144	7.743	5.692	8.037	8.096	7.379	6.465	6.353	8.358	5.821	8.397	7.167	7.237	5.624	7.186	7.946	5.996	7.831	7.422	6.689	8.187	5.13	7.679	8.952	8.772	7.722	7.031	6.697	7.03	7.876	6.525	8.09
BG036	5.762	3.317	4.052	6.638	5.842	4.813	3.774	4.186	4.788	4.753	4.624	4.684	4.501	3.273	4.199	5.63	3.347	4.525	3.895	4.826	4.326	6.192	5.222	3.403	5.386	3.94	4.138	5.029	4.223	5.608	3.941	4.096	4.059	4.149	5.814	5.344	6.425	6.983	3.684	4.785	6.848	4.653	3.371	3.37	5.492	4.655	5.592	4.181	5.546	4.557	3.983	4.314	3.518	6.704	4.619	5.36	4.178	3.663	4.481	5.816	4.194	3.844	4.87	5.214	6.358	5.069	5.359	5.434	3.562	3.752	3.631	3.383	5.51	5.005	4.795	2.122	6.771	3.821	6.767	3.266
BG037	4.872	5.271	5.418	4.991	4.997	5.904	4.832	6.891	5.131	8.858	5.597	6.121	4.753	7.755	7.168	6.345	4.702	6.259	4.927	7.511	6.858	6.144	3.612	5.065	6.736	7.261	7.158	4.457	6.35	7.064	4.39	6.041	6.322	5.748	4.196	5.723	5.721	5.9	5.485	5.606	5.236	3.846	6.411	4.947	4.976	4.676	6.826	6.76	7.861	5.363	6.267	4.759	5.714	5.53	6.513	7.066	7.04	5.206	7.047	6.004	5.724	5.34	5.489	7.791	6.356	6.223	5.786	8.495	7.354	5.327	5.775	5.834	6.194	5.347	6.487	7.501	4.735	4.92	5.565	5.612
BG038	6.988	7.47	6.723	6.618	7.12	5.106	7.504	7.027	7.067	7.988	5.074	5.053	7.301	7.02	7.197	6.565	7.692	7.96	7.511	6.766	4.92	7.797	8.249	7.672	6.148	7.701	7.888	8.586	6.151	6.801	7.775	7.085	5.91	7.442	7.606	7.115	7.247	6.769	8.506	6.127	9.026	8.029	7.972	6.763	6.741	5.576	7.809	7.518	8.313	6.816	6.886	7.197	7.919	5.557	7.763	7.007	5.969	4.943	6.891	8.475	8.702	7.383	8.989	6.984	7.981	6.576	6.513	6.35	4.967	8.314	6.386	6.226	5.847	6.823	8.791	9.121	5.366	6.673	5.993	8.016
BG039	5.236	5.835	6.703	4.326	4.513	3.786	5.856	4.705	5.439	6.485	5.182	6.055	5.524	6.496	6.299	5.132	5.655	6.868	6.217	4.427	6.479	4.739	7.236	6.848	6.114	5.981	5.615	6.502	5.453	6.059	6.696	5.262	5.208	4.629	4.759	3.995	6.554	7.633	7.249	4.198	6.11	5.187	5.896	5.346	7.438	6.371	6.494	3.157	5.757	7.907	7.15	3.977	5.51	4.622	7.535	6.068	5.056	5.858	3.216	4.739	5.86	6.669	3.882	5.443	6.833	4.372	6.053	5.89	7.538	5.594	5.652	6.679	4.497	5.603	5.368	5.685	6.672	6.378	5.075	5.96
BG040	7.232	7.929	6.05	6.608	4.499	6.774	5.443	6.707	4.946	7.05	7.532	5.724	5.37	4.351	6.241	5.925	4.956	6.96	6.057	5.431	5.952	7.578	7.11	6.377	7.126	5.346	6.539	6.654	6.037	6.942	5.727	7.017	7.059	3.59	7.697	3.459	5.891	7.532	6.19	5.041	7.997	5.676	6.652	6.314	6.444	4.876	7.918	5.733	7.533	5.886	5.882	7.72	7.501	6.716	7.268	6.218	6.499	5.845	7.411	5.814	7.992	6.191	6.528	7.266	6.531	6.209	6.477	7.401	5.844	6.381	6.517	7.372	6.407	8.315	6.35	6.269	6.336	5.19	5.47	5.976
BG041	5.394	7.514	4.566	7.616	6.432	5.295	5.904	5.47	7.354	7.22	4.768	6.084	5.624	7.781	5.137	8.092	6.454	5.325	5.81	5.686	5.213	6.582	5.259	4.307	6.108	4.685	5.735	5.578	5.616	8.488	6.544	6.733	4.711	5.833	6.703	5.463	7.395	5.285	6.201	5.901	7.623	6.454	6.003	7.714	8.039	7.743	5.634	5.992	8.301	6.729	6.22	7.206	7.495	5.916	6.707	7.414	5.327	6.5	5.373	5.504	5.924	6.964	6.165	5.839	6.539	5.34	6.916	7.619	6.408	6.285	6.861	4.459	7.024	9.589	6.365	6.368	7.231	8.133	7.462	4.332
BG042	4.724	3.919	4.289	4.324	3.825	5.045	4.798	4.471	4.129	5.356	4.324	4.253	4.665	6.256	3.22	5.33	2.667	4.777	6.135	5.049	4.731	3.999	4.591	4.308	3.774	4.27	4.758	3.793	3.754	3.2	4.951	5.105	4.792	5.525	4.648	4.952	4.864	4.468	4.029	6.774	5.123	7.132	5.182	3.405	4.842	3.279	5.793	3.604	4.634	3.702	4.013	6.046	4.663	4.001	3.415	2.688	3.309	4.672	5.54	4.0	6.13	3.842	4.322	3.48	5.551	6.657	2.798	4.214	5.825	3.113	5.127	5.781	4.638	5.11	6.321	6.508	4.498	4.028	3.64	5.537
BG043	7.076	6.862	7.962	7.78	6.123	8.651	7.434	6.417	8.717	8.154	6.263	9.305	8.187	7.518	9.118	7.687	7.5	6.868	8.11	8.005	7.543	6.738	7.658	7.458	6.195	6.056	8.093	4.926	7.733	7.05	8.836	7.035	8.187	7.131	7.642	8.265	7.065	8.525	6.534	7.823	6.156	7.275	7.631	7.025	7.808	10.092	7.406	7.093	8.543	7.768	8.967	7.693	7.28	5.744	5.908	5.692	7.907	6.166	8.784	7.558	7.284	6.684	8.15	6.723	6.543	8.716	7.883	7.293	8.169	7.537	7.911	6.711	9.598	6.948	9.084	7.339	8.335	8.262	8.675	6.687
BG044	5.367	5.104	6.361	3.681	3.065	3.45	5.105	4.942	4.547	3.321	5.211	3.22	5.603	7.302	4.811	5.027	3.951	2.634	3.842	3.351	2.997	6.167	4.717	4.824	4.135	4.271	5.409	4.412	4.975	4.248	4.102	3.037	2.467	4.183	4.501	3.158	4.41	4.498	2.288	3.529	5.52	6.291	4.186	4.479	3.921	4.098	6.156	3.44	3.502	6.055	5.069	6.565	3.994	4.571	3.784	4.588	2.67	5.129	4.768	4.387	4.054	3.55	5.172	3.273	4.956	6.519	5.93	2.939	3.908	4.866	4.374	3.045	4.83	4.434	6.359	4.191	5.612	3.177	3.416	5.166
BG045	7.89	7.87	6.329	7.642	8.506	8.26	7.388	7.015	6.854	7.951	7.678	8.113	7.615	8.302	7.578	8.268	8.354	6.679	5.675	9.027	7.74	5.769	6.769	8.255	7.203	6.971	8.884	6.436	6.685	7.695	7.874	7.979	8.394	7.682	7.973	7.224	7.546	7.591	7.698	8.256	8.567	6.526	7.507	6.102	7.302	8.32	7.048	7.234	6.353	6.835	9.241	7.556	6.481	7.168	5.886	6.469	8.843	7.341	9.374	7.388	7.447	8.124	4.811	7.688	7.434	8.969	8.448	6.349	8.725	7.221	6.579	7.68	7.28	9.022	7.824	7.689	8.384	8.576	8.267	8.903
BG046	5.052	4.541	3.688	4.565	4.469	4.69	6.704	3.973	4.92	5.566	4.595	6.835	4.119	4.821	3.698	4.146	4.746	5.344	4.816	5.756	4.402	4.165	7.201	4.891	3.778	3.803	3.555	5.434	4.133	4.625	4.434	5.229	3.65	3.422	4.722	5.098	4.83	3.688	5.175	3.753	5.106	4.665	5.736	4.406	4.53	6.219	6.119	4.489	4.044	5.96	5.298	4.813	4.175	4.829	4.476	3.833	4.626	4.763	4.122	5.401	5.786	5.467	4.221	5.253	4.575	3.261	5.17	4.643	7.091	5.954	5.208	4.746	4.661	3.494	2.758	3.625	4.45	2.392	3.953	4.25
BG047	6.713	6.291	8.536	7.868	7.84	8.482	10.047	5.526	6.496	6.619	6.384	6.157	6.935	6.018	7.57	7.286	7.716	7.742	7.838	6.861	9.356	7.469	5.372	6.232	5.494	7.252	7.113	6.766	9.246	7.784	7.961	6.304	6.236	7.272	7.408	5.378	7.054	7.249	7.02	6.421	7.019	6.573	6.893	8.959	7.897	6.674	7.166	7.206	6.467	6.466	8.245	6.815	6.14	7.192	7.353	5.262	7.194	8.103	7.686	9.465	8.486	8.684	10.035	7.993	7.398	8.208	6.676	7.342	6.587	7.633	6.583	6.548	7.648	7.097	5.307	5.779	6.087	6.352	7.649	7.454
BG048	8.565	8.928	9.195	9.709	10.185	8.81	8.648	9.542	9.715	8.67	9.895	10.084	10.396	10.883	8.238	9.119	9.116	9.007	8.455	7.619	9.197	8.336	9.191	8.311	8.005	9.339	9.256	9.684	11.29	9.382	9.59	8.027	7.818	10.687	8.181	8.061	9.066	9.014	8.202	8.8	10.17	9.857	10.177	9.713	9.314	10.204	10.024	9.481	10.376	6.759	8.814	8.799	10.257	10.676	7.654	10.516	7.933	7.963	8.87	8.786	7.546	9.754	9.784	10.159	8.671	9.065	9.074	10.793	6.27	8.148	9.11	8.019	8.846	8.979	8.447	9.169	9.733	8.868	8.651	8.939
BG049	6.962	4.927	4.339	6.675	6.225	5.112	4.151	4.988	5.678	6.898	4.696	5.648	6.408	3.352	6.767	4.55	6.065	5.979	6.817	6.284	3.355	4.948	5.871	5.538	6.21	6.522	6.341	5.519	3.886	5.277	6.149	4.642	6.364	6.641	5.86	2.669	4.455	7.619	5.186	3.749	5.725	3.992	6.194	5.282	6.994	6.324	6.903	4.722	5.361	4.49	5.028	6.985	7.22	4.585	5.274	5.657	6.318	3.973	4.13	6.222	3.784	5.286	5.895	6.148	5.591	5.367	6.577	6.018	5.086	5.771	6.116	7.451	6.519	6.947	5.122	5.209	5.497	5.589	4.725	6.999
BG050	5.732	4.51	5.601	4.773	4.955	4.859	5.194	6.774	5.467	2.916	4.943	5.638	5.699	4.07	5.661	5.424	7.069	3.746	3.989	4.19	4.006	3.606	1.734	4.062	4.866	4.003	6.432	4.51	5.787	4.758	5.323	4.776	5.865	4.552	4.993	4.863	4.208	4.901	6.731	4.226	5.38	4.191	5.138	4.719	5.216	3.152	4.351	4.438	5.12	3.868	1.997	3.415	4.435	4.56	6.18	5.079	4.578	4.464	5.601	3.906	4.356	3.407	5.915	4.889	3.789	4.382	5.006	4.246	3.962	3.842	4.835	4.138	4.043	3.16	4.574	4.315	4.175	4.695	5.244	5.198
BG051	6.342	7.181	7.063	5.935	3.539	6.44	3.703	7.393	6.092	6.923	5.021	4.37	6.184	5.889	5.431	6.008	8.69	6.757	6.972	6.767	7.402	5.733	3.868	5.734	6.735	4.953	5.747	5.231	7.425	6.672	6.574	6.544	5.886	6.12	4.738	3.736	6.073	6.247	7.132	7.494	6.476	5.682	5.356	4.879	5.33	5.943	5.137	6.019	4.957	4.262	6.742	5.448	5.086	4.829	6.346	7.298	5.52	5.707	6.995	4.112	7.89	8.367	3.217	5.825	5.204	5.658	5.504	6.735	5.81	5.012	5.751	6.438	4.739	4.277	7.916	5.28	5.786	5.525	6.471	7.696
BG052	8.117	5.549	6.195	7.027	9.079	8.027	7.666	6.159	5.664	7.336	5.446	6.309	6.432	8.14	6.192	4.108	7.051	5.848	6.59	6.46	6.273	7.337	5.014	6.03	7.231	5.933	4.938	7.216	7.67	6.502	4.586	7.253	4.887	6.856	5.66	5.387	6.105	6.364	5.903	7.136	7.127	5.029	5.163	6.148	6.279	4.825	7.366	5.461	8.04	8.368	6.299	6.986	5.315	7.171	6.049	5.46	6.258	6.081	6.222	7.497	5.762	8.282	5.222	8.162	5.53	6.546	6.057	6.203	7.348	8.047	7.738	6.142	6.731	5.765	5.555	5.401	6.109	6.797	4.635	6.501
BG053	7.227	8.653	7.954	6.975	6.807	6.025	7.964	7.318	5.301	7.137	6.772	9.249	5.97	6.232	8.783	9.03	6.928	7.041	8.289	5.346	5.812	7.392	9.223	7.237	7.774	8.807	9.78	7.096	7.656	9.495	6.151	8.701	6.655	7.775	7.43	6.715	6.69	7.949	8.669	7.543	9.189	8.795	7.088	6.276	8.133	5.356	8.783	7.459	9.504	5.946	8.591	7.572	7.342	6.303	8.269	8.349	9.458	8.681	7.079	6.669	6.305	9.146	6.895	9.153	8.198	8.003	7.366	8.334	7.658	7.304	8.369	7.529	6.875	8.273	7.609	8.162	7.219	6.464	9.408	9.22
BG054	4.979	5.48	3.938	5.649	5.729	7.513	4.533	4.451	5.678	5.728	4.374	4.506	5.45	4.082	4.499	4.999	5.905	4.305	3.067	2.993	3.65	3.596	4.755	3.72	4.206	4.135	4.469	6.232	5.571	4.925	4.448	4.476	5.237	5.493	4.002	4.946	2.878	5.121	5.671	4.629	5.793	4.521	4.609	6.292	4.555	4.277	6.781	4.862	6.678	3.511	5.427	6.98	4.939	4.645	3.741	5.992	4.139	4.814	3.675	6.466	6.064	4.878	3.755	6.445	4.543	3.804	3.147	4.263	3.455	4.286	5.654	4.534	5.265	4.186	4.974	6.83	4.561	5.294	3.344	6.429
BG055	5.84	3.143	4.241	3.988	3.923	3.909	4.131	4.872	5.402	4.022	4.839	3.322	4.79	3.262	5.114	6.234	3.902	1.831	3.476	5.256	4.577	4.273	5.032	4.508	5.241	4.943	5.545	4.383	4.929	3.717	3.422	5.731	4.24	4.829	4.148	3.437	4.035	5.46	4.579	2.312	3.547	5.074	3.901	4.635	4.695	3.571	5.116	3.265	4.802	3.634	4.373	3.562	4.074	2.949	4.271	4.068	3.484	3.969	4.158	3.407	3.895	3.018	6.37	5.083	4.297	5.196	2.045	1.466	3.624	2.645	3.787	4.229	4.944	2.886	4.423	4.038	4.371	3.504	5.407	3.92
BG056	8.843	10.841	8.845	7.258	10.952	9.741	8.988	8.687	10.141	8.517	10.207	9.601	9.303	9.204	8.884	10.104	8.193	7.437	9.673	9.69	9.539	9.466	8.738	9.846	9.013	8.571	8.747	11.079	7.324	9.558	7.379	8.95	8.625	6.973	9.448	8.678	6.959	9.898	10.494	10.549	10.833	8.268	9.801	8.999	8.731	9.691	8.759	6.397	5.996	10.331	10.289	10.946	9.041	7.766	8.639	9.07	8.051	10.707	11.298	9.537	9.048	7.764	10.605	9.135	8.769	9.54	8.473	9.205	7.616	10.146	8.954	10.217	8.857	8.922	7.846	9.818	8.183	8.572	9.06	9.18
BG057	7.089	6.777	8.059	8.413	7.864	5.789	6.932	7.17	4.921	7.2	9.004	7.37	8.204	6.913	6.657	7.112	5.915	5.767	7.997	8.103	5.739	7.699	6.644	7.07	7.191	7.725	6.813	8.141	7.04	7.355	5.897	8.889	7.2	7.444	5.122	5.908	7.968	7.017	4.817	7.769	5.024	6.5	7.526	6.352	6.506	6.893	6.605	5.7	6.694	7.725	5.679	6.356	5.349	7.672	6.638	5.88	6.823	5.527	5.697	5.27	5.664	8.088	5.997	7.197	5.894	7.49	5.704	6.77	6.783	9.058	7.361	6.138	7.416	8.869	5.101	5.888	6.494	6.313	6.398	5.426
BG058	6.898	8.853	7.354	7.646	8.621	6.544	6.449	7.245	8.269	6.111	5.774	8.266	6.839	7.05	5.585	6.763	7.434	8.372	6.671	9.099	6.757	6.759	8.979	7.653	6.89	7.287	8.795	8.908	6.625	7.399	7.532	6.456	7.386	7.447	8.582	8.649	7.113	7.228	8.106	6.857	8.846	6.019	7.242	8.488	7.412	6.462	6.093	7.212	6.685	7.647	6.04	8.255	7.557	7.632	8.883	7.004	6.716	6.894	7.249	7.351	6.611	5.419	6.881	7.802	7.578	8.641	9.397	8.201	8.824	8.209	9.152	9.293	8.393	8.148	7.237	7.4	7.104	8.063	6.721	7.251
BG059	9.397	8.72	7.839	7.851	10.255	8.652	10.448	8.294	9.099	11.201	7.751	6.91	10.095	7.981	8.787	8.222	9.076	7.857	8.628	9.258	7.8	8.108	8.461	7.379	8.385	8.927	8.408	8.537	8.788	8.152	9.499	10.244	8.344	9.293	8.568	9.173	10.374	9.317	7.035	9.262	6.453	10.531	8.587	9.264	10.266	9.108	10.252	7.566	11.205	9.895	9.017	10.233	7.639	8.519	10.252	6.941	9.368	9.34	10.777	7.225	10.418	8.248	8.361	7.586	7.72	9.211	7.696	9.548	8.145	7.595	8.28	9.145	8.531	8.842	9.504	9.89	8.498	7.764	8.884	9.279
BG060	9.812	8.358	9.575	7.889	7.094	8.721	6.823	8.34	9.866	6.67	7.3	7.547	8.516	8.214	9.979	9.534	9.075	8.725	8.973	7.717	9.437	7.467	9.415	9.766	8.79	8.403	8.98	5.718	8.882	8.466	8.529	9.286	8.505	7.439	8.438	8.647	8.694	8.741	9.619	7.493	7.119	7.689	7.86	8.372	7.818	9.287	6.974	7.0	8.246	8.404	7.125	7.973	8.178	8.186	8.731	7.918	10.057	9.068	7.772	8.674	8.703	9.794	7.979	9.347	8.621	10.071	9.87	8.776	8.317	9.086	8.399	10.26	8.658	8.174	8.12	7.366	9.136	7.759	9.678	7.287
BG061	9.347	10.462	7.437	9.351	8.586	8.801	8.267	9.002	11.013	7.907	8.002	7.87	10.899	8.709	9.146	8.769	8.227	8.936	11.63	10.564	8.319	9.819	8.34	7.395	10.191	10.332	10.218	8.702	9.005	9.921	9.563	8.778	7.553	9.285	10.251	7.974	9.81	9.503	9.922	10.044	9.299	10.322	7.019	11.19	8.746	9.313	9.743	9.898	9.445	10.169	9.691	10.932	9.694	11.136	10.073	7.366	11.783	8.597	10.667	9.198	10.233	8.483	9.797	8.918	10.751	9.61	10.108	7.008	9.086	9.582	9.395	10.133	8.806	9.22	10.353	6.893	9.761	8.838	8.259	9.508
BG062	5.237	4.315	5.398	6.821	5.39	5.238	4.11	7.684	6.757	6.702	6.899	6.508	5.687	5.768	5.504	8.566	6.488	5.468	6.397	4.921	7.436	5.271	6.433	6.998	6.316	6.026	5.943	5.875	5.355	5.482	7.411	5.823	5.146	5.415	7.032	6.607	6.492	5.674	6.505	5.288	7.159	6.971	5.797	6.807	6.8	5.844	5.239	5.296	6.77	5.89	4.886	4.247	6.764	5.385	6.262	7.171	4.623	5.887	5.761	6.311	7.171	4.602	6.502	6.963	5.745	5.794	6.35	6.277	6.514	6.493	4.95	6.922	7.098	6.118	4.438	5.817	6.126	4.787	5.572	4.522
BG063	4.903	6.133	6.037	4.181	4.307	5.271	6.889	3.247	5.441	3.787	4.528	4.798	4.742	4.629	5.17	4.628	3.7	5.943	5.916	6.006	3.622	5.462	5.839	4.132	5.172	5.047	7.005	7.087	3.498	7.657	4.248	6.143	6.133	4.167	5.656	5.055	5.717	5.393	6.359	5.238	5.77	5.329	3.517	5.514	5.106	5.679	4.771	4.361	4.392	4.625	5.182	5.311	4.972	4.739	4.811	7.67	4.392	4.605	8.457	5.584	3.783	6.005	4.253	6.072	4.952	4.723	6.772	5.729	6.136	5.598	4.718	5.774	6.372	5.298	6.964	6.013	5.375	5.414	5.3	3.912
BG064	3.908	5.172	4.657	4.808	3.412	3.031	3.508	3.455	4.862	5.052	3.921	5.507	5.445	4.32	3.254	5.652	4.015	4.202	3.737	3.186	2.608	4.709	3.293	7.136	2.99	2.819	4.586	5.606	4.141	4.648	2.233	3.399	3.003	2.181	4.193	1.833	2.754	3.539	3.245	4.473	3.986	4.297	3.66	4.414	4.098	4.85	4.739	4.243	2.709	5.867	3.934	3.995	3.734	3.588	5.62	5.462	4.521	3.969	4.695	4.15	3.886	4.414	3.635	4.328	4.28	4.679	3.457	4.786	3.17	3.504	3.547	3.004	5.092	3.107	3.377	5.332	3.506	3.888	3.064	4.909
BG065	6.682	7.27	7.129	7.517	6.374	6.68	6.888	6.518	5.979	6.044	5.559	6.798	6.282	5.713	5.714	5.166	7.355	6.455	5.514	7.185	5.816	4.97	7.398	5.839	5.967	6.418	7.519	6.396	5.177	6.92	5.891	8.264	6.375	4.141	6.734	8.321	7.952	8.207	5.357	7.288	7.223	7.115	6.914	6.45	5.852	5.561	7.666	7.141	5.683	6.416	6.076	5.248	6.554	5.961	5.424	4.897	4.813	6.005	6.291	5.501	7.027	6.311	6.953	6.193	5.589	6.49	5.114	6.916	5.439	7.295	6.038	7.439	5.254	5.699	6.757	7.547	8.043	6.418	8.214	6.087
BG066	6.917	7.863	6.366	6.995	6.963	8.538	8.44	7.916	6.289	7.327	6.893	8.509	8.817	8.695	6.884	4.899	5.872	9.061	7.238	6.888	9.282	8.904	7.663	7.346	7.507	7.866	9.239	8.061	8.365	8.808	6.469	8.394	7.344	5.123	5.511	6.621	8.17	7.753	7.823	9.59	8.738	6.697	8.059	5.297	6.517	8.106	6.327	8.066	8.545	7.138	6.67	7.165	6.673	7.538	7.741	7.333	9.313	6.92	9.03	6.598	7.712	8.822	8.77	7.219	8.194	8.06	7.099	8.255	9.502	8.111	8.205	8.311	6.178	8.099	6.622	7.049	9.801	7.386	6.899	8.792
BG067	6.13	7.372	7.704	6.663	7.427	5.799	8.809	6.717	9.431	7.367	8.427	7.346	7.368	6.815	7.518	7.717	6.615	7.274	6.789	9.699	7.309	8.944	7.203	7.658	6.078	6.952	7.61	8.985	7.621	8.783	8.04	9.027	7.34	9.789	6.914	6.633	6.189	9.73	8.219	7.065	6.451	6.952	8.648	7.442	5.838	7.943	7.003	8.939	6.793	8.45	9.175	6.548	7.206	7.788	6.542	7.669	7.174	7.154	7.448	7.47	7.563	6.8	6.844	7.281	7.354	6.96	7.723	5.584	6.669	7.119	6.543	9.028	7.418	7.576	6.916	7.383	6.184	7.229	6.462	7.122
BG068	10.522	9.961	11.239	7.725	9.008	8.81	7.299	10.333	9.003	10.013	11.633	8.92	8.852	9.392	10.26	8.706	8.642	10.33	9.652	7.228	8.048	10.774	9.675	8.511	9.102	9.286	10.009	7.915	8.432	9.546	9.173	9.845	8.043	9.63	10.364	9.76	9.412	9.177	8.438	9.201	6.713	8.145	10.737	10.103	10.592	10.661	9.946	8.82	8.236	10.42	9.337	11.767	8.908	11.246	9.116	10.609	10.97	8.25	8.788	8.24	8.043	9.94	9.076	9.325	9.829	7.416	10.56	8.924	9.805	9.894	10.644	9.168	7.149	9.33	9.474	8.239	9.42	8.912	7.93	9.944
BG069	10.226	8.848	8.077	8.474	9.168	8.593	9.452	9.49	9.856	10.39	9.963	8.032	8.063	8.891	8.515	7.828	8.525	8.492	8.295	8.651	10.145	9.166	11.438	9.137	8.677	8.971	9.223	9.402	11.043	8.121	9.826	9.174	7.396	9.737	10.234	8.109	8.958	7.241	7.708	10.015	8.403	8.56	8.504	10.202	8.926	9.046	8.526	9.43	10.316	9.615	9.654	9.573	7.586	8.091	8.762	8.241	7.902	7.094	7.62	8.71	8.897	8.174	9.046	8.533	10.057	8.805	9.663	9.17	7.565	8.876	7.731	8.859	8.222	9.349	7.624	8.981	9.539	9.874	8.203	8.984
BG070	6.513	5.87	7.209	6.457	6.508	7.719	5.817	6.074	7.133	7.949	8.217	6.314	7.917	6.195	8.805	5.845	8.308	6.323	8.992	7.571	5.963	6.457	7.76	8.032	6.908	7.024	7.738	7.111	5.686	6.166	7.214	8.195	8.595	7.759	7.267	7.728	6.312	6.826	6.155	5.73	7.163	8.526	5.498	6.068	9.784	6.706	5.088	6.397	4.21	7.22	7.789	6.068	6.508	7.903	5.229	5.658	6.751	6.227	6.685	5.715	7.194	6.83	7.528	7.18	7.186	5.533	7.472	6.648	6.813	8.027	6.26	8.33	8.424	7.732	5.999	4.793	8.058	7.091	6.234	8.153
BG071	5.07	4.922	5.424	5.282	4.979	5.293	4.693	5.149	4.01	5.106	5.405	4.066	4.788	4.113	4.21	3.611	6.002	5.802	5.274	6.708	4.547	7.768	4.509	4.991	4.338	5.108	5.572	4.622	6.513	4.975	5.007	3.827	5.155	4.602	4.128	3.96	7.408	4.473	3.279	4.038	3.875	4.312	5.261	3.623	4.627	5.825	4.947	5.984	5.87	4.744	2.399	3.63	5.499	3.186	4.409	5.075	6.206	4.161	4.093	4.684	5.087	4.582	5.785	3.937	4.856	5.181	4.336	5.576	4.885	5.525	4.93	5.113	4.104	4.105	5.961	5.372	3.713	4.917	2.362	4.162
BG072	6.952	7.55	7.558	7.68	6.359	7.344	6.127	6.384	6.086	5.815	8.068	7.692	7.98	7.043	7.78	5.242	7.867	7.181	7.631	7.383	6.016	5.505	6.291	7.568	7.694	5.636	6.022	6.28	6.646	5.641	5.581	6.182	7.09	5.823	6.888	8.062	5.702	6.797	8.028	6.585	7.964	6.878	7.121	3.987	6.611	7.342	7.469	7.966	6.793	6.838	5.671	6.799	5.742	5.156	5.918	8.512	6.733	7.223	6.49	5.213	7.94	4.831	6.449	6.949	7.234	6.277	5.165	6.202	6.255	6.23	7.974	5.79	7.304	7.162	7.964	6.87	7.795	6.831	7.438	5.501
BG073	8.943	10.68	9.211	10.621	9.946	9.174	9.997	9.837	10.538	8.969	9.558	9.455	10.221	8.492	10.534	9.983	8.2	10.725	11.751	10.519	10.944	9.602	7.855	7.673	9.772	8.925	8.602	9.454	10.133	8.064	9.068	11.027	8.442	10.387	9.032	10.063	10.614	10.258	10.426	8.365	6.879	9.894	9.948	9.992	8.992	11.007	9.057	9.938	10.112	11.236	9.2	8.864	8.019	11.069	9.938	9.97	12.634	9.842	8.215	9.321	8.542	9.121	9.114	8.93	8.124	11.109	9.816	9.291	10.275	9.988	9.793	10.202	9.651	10.187	10.27	9.68	9.297	11.047	9.039	9.908
BG074	10.399	8.432	9.545	9.543	9.77	9.622	8.441	7.935	10.157	9.471	10.435	9.24	7.88	10.251	8.915	9.627	8.638	10.929	8.409	8.948	9.393	8.193	9.616	10.897	8.795	9.68	6.536	9.246	8.972	8.467	10.367	8.959	9.108	8.908	7.368	8.153	10.246	7.175	8.519	8.885	9.699	8.676	8.477	8.931	8.793	7.827	8.634	9.551	10.551	9.84	6.686	9.926	8.727	9.738	9.271	9.092	9.183	9.263	10.63	9.265	10.371	10.225	9.952	7.499	10.402	8.827	10.001	8.313	8.1	11.262	8.328	10.431	9.404	8.865	9.24	7.984	9.271	8.202	8.89	10.21
BG075	9.788	8.813	7.487	9.349	7.304	9.054	6.686	9.118	7.638	7.016	7.827	8.322	7.55	8.598	7.461	8.665	8.487	7.984	7.603	8.196	8.595	10.106	8.984	9.02	11.133	8.56	8.529	8.748	7.035	7.601	7.538	8.692	7.87	8.183	9.132	8.908	7.883	7.374	9.18	8.818	8.299	6.562	8.896	8.037	7.502	8.791	7.877	6.879	9.892	8.027	7.963	7.639	9.224	7.52	6.499	7.366	9.371	8.877	7.789	9.418	8.792	7.778	7.879	8.374	7.213	8.049	8.353	6.357	7.855	7.741	9.073	6.2	7.663	7.563	9.005	8.001	9.841	8.707	7.634	8.284
BG076	6.347	7.64	8.119	8.732	8.864	8.237	8.539	8.018	7.28	7.692	7.972	7.919	6.068	7.556	8.01	7.672	7.707	8.441	6.874	6.325	7.605	8.718	9.641	8.736	6.485	7.721	8.21	8.131	8.493	7.036	8.018	8.374	8.779	7.148	7.608	5.25	7.332	7.429	6.934	8.119	7.599	8.813	6.621	7.13	8.409	9.179	5.751	9.328	7.813	6.07	4.952	6.424	7.934	7.888	8.587	7.404	6.845	7.54	7.987	8.184	7.164	8.855	7.332	7.084	7.411	9.028	7.821	7.259	8.88	10.096	8.163	9.187	8.99	7.348	7.98	6.671	7.748	7.327	7.551	7.204
BG077	8.918	6.715	9.19	8.046	9.46	7.692	9.004	8.691	9.277	9.099	8.719	7.438	7.497	8.39	8.966	8.366	9.599	8.695	8.009	8.696	9.2	9.299	10.853	8.305	8.901	9.4	8.951	8.474	7.425	8.463	7.9	7.248	8.179	7.927	9.558	9.575	8.07	8.714	7.116	8.48	8.687	9.506	8.855	7.11	8.228	7.455	9.218	9.478	9.231	8.187	9.221	8.504	7.836	9.716	9.792	9.923	8.366	10.154	8.481	9.628	8.463	8.75	6.553	8.672	9.065	8.564	10.73	7.812	8.411	8.069	8.41	10.006	10.452	8.273	8.251	7.817	10.28	10.095	8.868	7.578
BG078	8.521	8.947	7.409	9.174	6.607	6.875	8.832	9.793	8.616	8.082	5.927	6.1	8.252	7.764	7.016	8.188	8.237	9.067	8.259	9.351	8.13	8.007	9.187	7.144	10.937	8.497	8.503	8.647	9.999	8.915	6.517	9.526	7.781	8.229	6.843	8.648	7.471	8.222	7.838	10.047	6.816	8.293	8.672	6.056	7.801	9.741	7.905	9.612	8.771	7.038	7.83	7.994	7.17	7.152	9.629	7.145	9.201	7.686	8.097	8.684	7.524	8.69	6.076	8.562	5.654	7.895	8.976	8.745	6.824	6.953	7.434	8.308	6.09	8.109	8.434	7.839	8.648	8.346	7.581	6.186
BG079	9.727	7.792	7.809	7.372	8.851	7.416	7.324	8.724	7.207	7.707	6.164	8.449	9.686	8.466	9.207	6.899	7.981	6.802	7.517	8.517	7.847	6.333	6.43	6.364	8.237	9.809	9.108	5.849	9.166	8.682	6.2	7.442	8.841	8.296	6.436	8.356	5.608	7.522	8.883	7.764	7.879	6.792	7.167	8.224	9.162	7.707	8.299	6.301	7.991	7.685	8.974	7.205	7.504	8.804	7.653	6.636	10.297	6.667	7.68	8.092	8.013	7.555	7.56	7.51	6.629	9.895	7.525	8.342	7.411	7.39	7.29	6.195	7.585	7.338	8.917	6.548	7.168	6.847	9.188	6.876
BG080	5.912	7.3	7.385	7.721	7.285	7.492	7.143	6.676	6.5	6.173	5.198	5.455	6.129	6.652	7.851	6.369	7.414	7.49	6.179	7.005	6.167	7.733	7.046	5.22	6.572	8.059	6.229	6.858	6.956	5.374	6.921	5.017	5.785	7.486	6.767	6.106	6.857	6.35	6.423	7.067	6.973	7.381	6.264	5.034	5.046	7.27	5.15	6.803	6.525	6.788	6.882	5.477	5.435	7.125	5.781	3.66	7.059	5.374	6.878	7.803	6.427	7.406	6.564	7.998	5.348	6.402	7.084	6.22	7.563	5.979	8.48	8.533	6.693	6.963	7.602	5.223	5.099	7.667	6.685	6.184
BG081	5.67	6.437	6.085	4.811	5.477	7.965	6.782	5.073	4.857	6.285	7.958	6.21	7.704	6.749	6.868	5.061	7.335	6.062	7.26	5.583	6.574	6.749	6.243	6.802	6.131	5.748	8.003	7.446	5.636	6.965	5.654	5.212	7.431	4.693	7.324	6.144	6.185	6.807	6.978	5.571	6.408	4.011	6.206	5.644	7.315	7.392	6.974	6.792	4.9	6.988	7.026	7.642	8.515	4.704	6.009	5.655	6.57	6.41	6.163	7.425	5.296	5.356	5.373	6.037	5.168	6.348	6.232	5.611	7.271	6.338	7.46	6.202	6.373	5.834	6.39	7.109	5.986	6.915	5.584	7.156
BG082	7.636	7.031	5.662	6.748	8.299	8.595	7.635	5.728	7.409	7.769	7.644	7.703	7.281	6.846	6.31	5.02	7.258	7.104	7.476	5.581	7.563	8.973	6.997	6.856	7.227	8.95	5.894	7.121	6.118	6.371	6.868	8.265	8.719	7.366	6.541	9.411	6.491	6.347	5.143	8.314	6.338	7.77	6.979	8.439	5.764	5.442	6.302	5.533	5.535	7.54	6.914	6.438	6.531	6.321	8.568	6.183	5.596	7.714	6.702	8.957	6.392	7.764	8.0	6.397	6.175	7.659	7.493	5.507	5.79	4.382	7.513	6.656	6.756	5.227	5.82	6.44	6.246	7.036	7.502	9.188
BG083	10.259	11.708	7.901	10.749	9.361	10.096	7.643	10.758	10.077	9.251	9.935	8.525	8.711	8.827	7.438	10.152	10.482	8.589	9.639	9.025	9.619	8.663	8.407	10.342	9.227	11.312	9.337	8.364	10.517	9.921	10.017	10.481	8.638	9.163	9.119	8.0	9.027	10.627	9.528	7.944	9.27	10.406	8.46	7.615	8.938	7.693	9.305	8.51	7.336	11.026	8.753	7.653	10.189	8.562	10.381	8.557	8.749	9.635	9.884	10.059	9.201	9.819	10.036	9.491	9.148	7.845	9.89	9.333	8.877	10.568	7.863	10.934	9.268	9.608	8.895	7.623	9.151	9.625	9.967	9.092
BG084	6.293	9.514	7.759	7.202	7.575	6.372	9.272	7.456	9.217	7.901	9.279	8.106	8.702	8.568	8.472	8.197	7.616	9.765	6.942	7.853	7.864	8.252	7.42	8.164	7.68	6.267	7.859	6.749	6.115	7.986	8.337	8.376	8.416	5.917	6.488	9.823	6.802	8.46	7.162	7.929	5.657	6.307	9.901	6.757	9.276	6.915	7.667	8.474	7.029	9.441	7.925	8.31	7.582	8.508	9.428	7.718	9.579	7.238	8.613	8.338	6.781	8.063	7.857	6.996	8.207	7.995	7.777	7.781	7.759	7.481	7.989	7.205	10.506	6.44	7.264	7.343	9.89	6.529	8.275	8.098
BG085	8.32	9.514	9.09	8.504	7.903	9.221	7.74	9.38	11.579	10.303	9.671	8.867	7.014	7.631	10.236	8.163	8.254	8.787	7.891	7.726	8.902	8.061	8.212	8.172	9.475	8.721	8.774	9.55	8.811	8.675	9.423	9.621	8.806	9.033	8.171	8.092	9.722	9.398	9.408	9.234	9.286	10.189	10.169	8.502	9.147	7.089	9.052	8.159	8.766	7.267	9.358	7.256	9.101	7.726	8.103	10.108	9.541	10.102	10.513	8.18	10.452	7.487	9.699	8.459	8.022	9.567	9.898	9.868	9.168	9.085	9.48	9.257	9.494	9.157	9.796	7.326	8.822	7.569	9.229	10.595
BG086	7.062	7.712	7.951	7.927	6.915	8.403	7.245	7.648	7.298	7.263	6.28	7.717	9.861	6.641	7.087	6.57	6.528	8.561	6.343	6.542	5.429	6.258	5.308	7.648	9.816	6.649	5.349	7.916	6.289	8.315	6.734	6.384	6.838	7.774	6.789	6.519	6.817	5.744	7.413	5.229	6.542	7.143	7.773	4.948	6.494	7.381	4.119	6.039	8.117	8.019	7.39	7.898	7.231	7.571	6.7	7.132	6.384	8.28	8.538	8.396	6.608	6.062	8.293	7.56	7.345	6.382	7.442	5.931	7.65	8.395	8.647	7.725	5.634	7.213	9.156	6.147	6.957	8.43	7.633	9.496
BG087	6.775	7.978	7.522	7.809	7.154	8.389	8.143	7.665	8.146	7.969	6.779	5.875	7.639	7.765	8.309	6.282	6.312	7.679	7.148	5.333	7.594	5.366	6.274	8.57	9.044	6.003	6.889	7.261	9.0	6.726	6.742	8.768	6.844	7.941	5.742	7.048	5.559	6.163	8.058	7.169	6.486	6.229	8.443	6.023	7.022	7.153	8.255	7.833	7.676	6.816	8.434	11.245	7.91	7.318	5.921	6.581	7.005	6.684	7.203	8.997	8.466	7.06	6.011	8.556	7.17	5.492	7.931	8.244	4.793	6.394	7.108	7.953	6.703	6.387	7.946	6.75	7.761	6.107	5.866	7.974
BG088	7.874	7.444	7.972	8.494	9.176	5.568	7.361	8.352	8.094	8.596	8.46	7.888	7.666	7.947	9.342	7.461	8.13	8.376	9.753	7.892	9.152	9.425	8.129	7.982	7.864	7.937	9.047	8.424	8.428	7.068	7.225	10.336	8.015	7.418	9.624	8.475	8.771	8.055	7.874	8.023	8.445	9.115	7.66	7.398	9.553	6.67	9.444	9.513	9.053	7.505	7.376	7.983	6.898	7.231	8.837	8.842	7.143	8.869	8.647	9.703	8.762	9.251	8.67	9.173	6.906	8.071	8.154	7.949	8.637	8.827	8.585	8.016	7.457	9.29	8.542	7.174	7.999	6.449	8.228	7.994
BG089	6.785	8.08	8.463	10.018	8.253	5.833	8.073	10.907	9.034	7.357	8.759	7.425	6.814	7.819	8.259	6.295	7.018	8.178	7.759	8.562	6.953	8.882	6.984	9.81	6.452	7.075	8.585	9.832	8.483	8.73	8.185	7.141	7.677	6.956	6.889	8.569	7.044	8.487	6.866	8.464	7.593	9.752	7.011	8.874	10.354	9.245	8.136	7.033	6.805	7.756	7.48	7.448	7.841	8.065	8.653	6.93	7.485	8.008	7.972	10.004	8.4	6.554	8.586	8.713	8.042	6.954	9.926	7.098	8.828	8.368	8.768	9.874	8.729	7.609	9.273	7.536	8.331	6.874	7.134	8.219
BG090	4.828	6.723	5.641	6.553	4.561	5.373	4.336	4.903	5.055	4.591	4.101	3.903	2.977	4.26	5.944	3.718	3.949	7.108	4.68	5.638	5.959	5.979	3.795	5.086	3.699	7.763	3.722	4.269	4.276	3.82	6.669	7.739	4.841	3.996	3.08	5.073	5.0	4.666	5.538	5.712	5.685	3.614	5.814	4.497	6.597	4.965	4.193	5.393	4.401	6.586	5.317	5.165	5.909	4.312	4.028	5.725	4.217	4.217	6.154	5.842	4.063	4.698	4.413	7.093	6.223	4.896	5.893	3.961	4.644	5.422	5.769	5.219	5.565	5.395	5.153	5.021	4.891	5.549	5.728	5.515
BG091	9.885	9.245	8.46	10.227	9.574	10.45	10.352	8.14	8.127	8.806	8.505	10.317	9.913	10.661	9.958	9.77	10.761	10.031	9.63	11.042	9.677	9.257	8.724	10.265	10.799	9.511	10.87	7.592	9.506	9.522	8.835	11.945	9.495	9.154	9.588	7.559	8.802	10.545	8.933	8.733	8.383	8.563	9.96	11.033	9.714	9.15	9.786	8.425	10.871	9.748	8.892	9.395	9.035	10.873	9.359	9.717	10.135	8.821	9.755	9.836	8.008	9.814	9.516	9.692	9.597	9.821	10.899	8.382	9.219	10.228	10.043	10.021	12.315	10.176	10.693	9.255	8.569	9.247	10.274	9.968
BG092	6.658	6.688	5.865	4.893	5.109	4.544	4.353	4.304	4.73	4.313	3.784	5.567	5.583	7.049	4.68	5.644	5.661	5.094	6.092	6.123	5.675	5.092	4.991	3.98	4.542	4.726	4.224	5.788	6.545	4.44	5.631	4.314	5.043	4.658	5.95	4.669	6.36	5.102	4.698	4.095	5.751	5.134	4.974	5.168	6.073	6.189	4.342	6.11	4.697	5.817	5.156	6.914	4.93	5.527	5.955	4.474	5.275	5.081	4.834	4.908	6.46	4.749	5.914	5.663	3.951	5.867	3.935	5.976	4.841	5.356	4.054	5.47	6.275	4.541	4.741	5.803	5.828	2.914	7.363	5.877
BG093	8.202	8.844	8.222	10.188	9.379	7.642	7.631	8.419	7.111	9.115	8.311	8.206	8.636	9.672	8.12	7.836	9.458	8.917	7.628	7.954	8.144	8.311	6.592	6.407	7.062	6.984	7.305	8.584	7.78	8.145	6.725	7.487	8.536	8.544	7.224	8.111	10.148	7.931	7.256	7.775	8.646	7.806	6.094	8.624	7.384	8.493	7.73	8.187	7.174	8.813	6.761	10.195	10.187	9.582	9.225	7.864	9.116	7.853	6.396	9.452	9.078	7.918	6.724	7.363	6.128	8.894	6.346	8.236	7.105	6.522	8.187	7.615	8.787	6.681	7.192	5.561	5.765	9.747	10.033	8.042
BG094	6.266	6.023	6.143	4.731	5.211	6.025	6.009	5.608	5.997	6.235	7.064	6.075	6.573	5.633	6.746	6.55	7.04	6.888	6.763	6.076	6.419	7.238	5.522	5.546	6.356	6.589	5.35	6.099	6.08	3.959	5.955	6.017	6.014	7.59	4.958	5.35	3.562	5.693	5.778	5.664	5.35	5.876	7.048	5.66	6.412	6.161	5.605	5.648	6.467	5.197	6.626	5.703	6.301	7.558	6.006	7.094	4.382	5.704	6.202	8.097	4.214	6.078	7.631	5.389	5.961	6.506	6.359	7.74	6.623	7.502	5.814	5.434	5.948	5.015	6.658	5.788	5.502	6.673	5.03	6.945
BG095	6.797	6.55	5.767	5.318	6.715	5.669	4.871	3.973	5.248	6.444	7.966	5.751	4.924	4.504	6.241	3.924	6.239	6.507	6.125	5.469	6.254	5.86	4.911	7.539	5.337	6.465	3.27	6.965	7.158	5.719	6.248	6.248	5.046	6.236	4.88	5.08	6.816	6.664	4.983	4.955	5.211	6.848	5.296	6.321	5.869	6.433	5.799	4.026	6.698	5.601	6.479	6.379	4.916	4.774	6.344	5.386	6.625	5.511	6.712	6.112	5.977	5.315	5.921	6.882	5.635	6.22	5.735	5.814	7.412	6.891	5.768	5.903	4.987	5.516	5.998	6.54	6.438	4.58	6.666	5.6
BG096	9.314	10.692	8.959	10.316	10.706	9.871	10.969	9.655	9.746	8.982	10.977	9.193	10.309	9.888	8.907	9.35	11.342	10.161	8.95	10.265	9.813	13.413	10.244	9.579	11.379	8.118	10.054	11.954	9.843	8.226	9.563	11.414	10.335	9.12	9.274	9.4	10.321	11.298	11.012	10.415	8.972	11.296	11.423	10.223	10.668	10.727	11.355	10.687	8.632	11.969	11.025	9.45	8.93	10.464	9.681	10.289	10.703	9.393	8.843	10.345	9.426	10.105	8.616	9.707	10.674	10.565	9.171	8.791	9.975	10.52	10.365	9.447	10.257	11.462	10.165	8.326	10.163	12.003	8.672	9.989
BG097	6.746	6.749	8.61	6.732	7.852	8.381	6.94	7.053	7.983	8.581	9.139	8.684	8.151	7.331	7.006	7.566	8.487	8.414	5.977	7.292	9.282	8.156	6.66	10.433	8.048	8.462	8.477	7.71	7.35	10.199	9.08	8.899	8.653	7.074	9.355	7.234	8.36	6.438	6.036	8.395	7.851	8.173	8.271	9.217	8.162	9.354	7.96	7.727	7.408	6.26	8.353	10.131	8.535	8.764	7.664	7.833	9.062	10.086	9.565	8.882	8.112	8.287	7.324	6.629	6.95	8.127	7.785	6.608	8.04	7.759	6.904	7.707	7.756	7.461	9.004	6.174	6.091	8.08	8.173	8.481
BG098	4.891	3.711	6.241	7.82	7.09	5.443	5.709	6.588	6.822	5.357	5.734	6.001	6.254	5.567	5.58	7.08	6.91	6.178	7.419	5.314	7.323	6.243	8.971	4.508	5.011	6.119	6.097	7.65	5.032	6.605	6.863	6.405	4.739	7.108	6.929	6.3	5.905	5.926	5.621	6.341	5.161	4.782	5.693	5.259	7.251	5.376	5.647	8.176	5.505	6.256	6.346	6.432	5.99	5.894	5.8	5.124	6.026	7.729	6.911	6.004	6.556	4.831	5.44	6.648	7.187	4.929	5.217	7.882	5.796	7.524	5.907	5.946	5.395	6.643	7.058	4.665	5.348	6.615	5.571	5.207
BG099	8.394	7.515	7.315	7.611	8.585	8.336	8.578	8.864	7.736	9.829	8.095	7.93	8.846	6.527	7.573	9.344	6.626	9.481	9.874	7.994	8.655	9.482	7.896	9.231	7.692	7.886	7.564	8.706	9.521	8.179	7.092	7.28	8.758	10.207	8.757	7.976	9.129	8.124	7.985	7.405	9.373	9.467	7.913	8.576	7.155	7.468	8.487	8.395	7.396	7.647	7.298	8.818	6.395	7.352	6.5	8.782	6.56	8.395	10.003	10.037	6.557	8.662	7.374	7.17	8.25	9.591	8.963	7.648	9.068	6.119	7.61	7.539	8.441	8.16	8.222	8.188	8.386	8.903	8.512	8.079
BG100	9.924	5.977	9.314	8.052	8.106	10.208	7.802	7.836	8.386	8.93	8.074	6.942	7.65	9.797	8.591	8.967	8.254	7.856	10.193	8.328	8.073	9.612	7.794	7.921	8.526	8.516	8.776	10.608	8.852	6.138	8.842	8.554	8.559	8.762	8.487	8.463	9.129	7.974	7.568	11.54	8.918	9.342	7.96	8.457	9.678	7.413	10.321	7.177	8.171	7.566	10.704	8.013	8.015	8.145	8.612	8.187	8.383	4.987	8.573	8.534	9.554	9.825	8.328	9.332	7.414	9.283	7.943	7.331	8.33	9.916	8.697	10.012	7.767	9.564	7.864	8.741	8.733	9.177	8.767	7.777
