sample	condition
CTRL01	control
CTRL02	control
CTRL03	control
CTRL04	control
CTRL05	control
CTRL06	control
CTRL07	control
CTRL08	control
CTRL09	control
CTRL10	control
CTRL11	control
CTRL12	control
CTRL13	control
CTRL14	control
CTRL15	control
CTRL16	control
CTRL17	control
CTRL18	control
CTRL19	control
CTRL20	control
CTRL21	control
CTRL22	control
CTRL23	control
CTRL24	control
CTRL25	control
CTRL26	control
CTRL27	control
CTRL28	control
CTRL29	control
CTRL30	control
CTRL31	control
CTRL32	control
CTRL33	control
CTRL34	control
CTRL35	control
CTRL36	control
CTRL37	control
CTRL38	control
CTRL39	control
CTRL40	control
CASE01	case
CASE02	case
CASE03	case
CASE04	case
CASE05	case
CASE06	case
CASE07	case
CASE08	case
CASE09	case
CASE10	case
CASE11	case
CASE12	case
CASE13	case
CASE14	case
CASE15	case
CASE16	case
CASE17	case
CASE18	case
CASE19	case
CASE20	case
CASE21	case
CASE22	case
CASE23	case
CASE24	case
CASE25	case
CASE26	case
CASE27	case
CASE28	case
CASE29	case
CASE30	case
CASE31	case
CASE32	case
CASE33	case
CASE34	case
CASE35	case
CASE36	case
CASE37	case
CASE38	case
CASE39	case
CASE40	case
